1	1	1.000	469	0	0	1	469	1	469	5.960E-314	949
1027	1027	1.000	753	0	0	1	753	1	753	0.000E+00	1557
1027	1010	1.000	753	0	0	1	753	1	753	0.000E+00	1557
1027	399	1.000	752	0	0	1	752	2	753	0.000E+00	1555
108	108	1.000	745	0	0	1	745	1	745	0.000E+00	1533
137	137	1.000	746	0	0	1	746	1	746	0.000E+00	1538
166	166	1.000	754	0	0	1	754	1	754	0.000E+00	1563
237	237	1.000	754	0	0	1	754	1	754	0.000E+00	1554
266	266	1.000	462	0	0	1	462	1	462	2.642E-309	935
295	295	1.000	738	0	0	1	738	1	738	0.000E+00	1537
323	323	1.000	742	0	0	1	742	1	742	0.000E+00	1507
352	352	1.000	745	0	0	1	745	1	745	0.000E+00	1540
81	81	1.000	753	0	0	1	753	1	753	0.000E+00	1555
88	88	1.000	490	0	0	1	490	1	490	0.000E+00	1011
908	908	1.000	746	0	0	1	746	1	746	0.000E+00	1532
908	971	0.993	746	5	0	1	746	1	746	0.000E+00	1520
908	229	0.978	744	16	0	1	744	1	744	0.000E+00	1501
908	749	0.984	598	10	0	149	746	1	598	0.000E+00	1215
968	968	1.000	748	0	0	1	748	1	748	0.000E+00	1519
968	898	0.943	748	43	0	1	748	1	748	0.000E+00	1461
968	343	0.943	746	42	0	1	746	1	746	0.000E+00	1457
968	958	0.917	748	62	0	1	748	1	747	0.000E+00	1416
1032	1032	1.000	755	0	0	1	755	1	755	0.000E+00	1558
1032	906	0.945	746	41	0	1	746	1	746	0.000E+00	1481
1032	948	0.939	746	45	0	1	746	1	746	0.000E+00	1474
1032	555	0.897	754	78	0	1	754	1	754	0.000E+00	1438
1032	765	0.905	752	71	0	1	752	1	751	0.000E+00	1435
1032	212	0.905	752	71	0	1	752	1	751	0.000E+00	1435
1032	946	0.907	747	69	0	1	747	1	746	0.000E+00	1429
1032	945	0.903	747	72	0	1	747	1	746	0.000E+00	1422
317	317	1.000	751	0	0	1	751	1	751	0.000E+00	1543
317	998	1.000	749	0	0	1	749	1	749	0.000E+00	1540
375	375	1.000	747	0	0	1	747	1	747	0.000E+00	1562
432	432	1.000	758	0	0	1	758	1	758	0.000E+00	1541
490	490	1.000	738	0	0	1	738	1	738	0.000E+00	1501
519	519	1.000	738	0	0	1	738	1	738	0.000E+00	1502
529	529	1.000	747	0	0	1	747	1	747	0.000E+00	1526
558	558	1.000	754	0	0	1	754	1	754	0.000E+00	1551
587	587	1.000	752	0	0	1	752	1	752	0.000E+00	1553
615	615	1.000	739	0	0	1	739	1	739	0.000E+00	1529
48	48	1.000	751	0	0	1	751	1	751	0.000E+00	1572
508	508	1.000	739	0	0	1	739	1	739	0.000E+00	1519
537	537	1.000	742	0	0	1	742	1	742	0.000E+00	1504
566	566	1.000	758	0	0	1	758	1	758	0.000E+00	1576
595	595	1.000	745	0	0	1	745	1	745	0.000E+00	1525
560	560	1.000	747	0	0	1	747	1	747	0.000E+00	1555
698	698	1.000	746	0	0	1	746	1	746	0.000E+00	1544
698	917	1.000	745	0	0	1	745	1	745	0.000E+00	1542
726	726	1.000	740	0	0	1	740	1	740	0.000E+00	1520
726	791	1.000	740	0	0	1	740	1	740	0.000E+00	1520
86	86	1.000	448	0	0	1	448	1	448	3.360E-302	914
150	150	1.000	756	0	0	1	756	1	756	0.000E+00	1558
18	18	1.000	743	0	0	1	743	1	743	0.000E+00	1547
697	697	1.000	741	0	0	1	741	1	741	0.000E+00	1537
697	916	1.000	741	0	0	1	741	1	741	0.000E+00	1537
697	926	0.991	741	7	0	1	741	1	741	0.000E+00	1527
725	725	1.000	752	0	0	1	752	1	752	0.000E+00	1525
725	960	0.907	749	70	0	1	749	1	749	0.000E+00	1402
725	758	0.903	749	73	0	1	749	1	749	0.000E+00	1400
756	756	1.000	742	0	0	1	742	1	742	0.000E+00	1524
83	83	1.000	754	0	0	1	754	1	754	0.000E+00	1550
976	976	1.000	739	0	0	1	739	1	739	0.000E+00	1508
976	410	0.922	739	58	0	1	739	1	739	0.000E+00	1420
976	892	0.922	739	58	0	1	739	1	739	0.000E+00	1420
94	94	1.000	760	0	0	1	760	1	760	0.000E+00	1573
1035	1035	1.000	746	0	0	1	746	1	746	0.000E+00	1533
1035	751	0.900	746	74	0	1	746	1	745	0.000E+00	1403
115	115	1.000	754	0	0	1	754	1	754	0.000E+00	1547
115	1042	1.000	752	0	0	1	752	1	752	0.000E+00	1543
115	789	0.994	751	4	0	1	751	1	751	0.000E+00	1535
115	790	0.992	751	6	0	1	751	1	751	0.000E+00	1532
144	144	1.000	472	0	0	1	472	1	472	1.387E-317	960
440	440	1.000	461	0	0	1	461	1	461	3.455E-309	935
47	47	1.000	739	0	0	1	739	1	739	0.000E+00	1486
499	499	1.000	764	0	0	1	764	1	764	0.000E+00	1584
527	527	1.000	758	0	0	1	758	1	758	0.000E+00	1580
556	556	1.000	763	0	0	1	763	1	763	0.000E+00	1576
729	729	1.000	750	0	0	1	750	1	750	0.000E+00	1562
374	374	1.000	457	0	0	1	457	1	457	2.933E-306	926
402	402	1.000	476	0	0	1	476	1	476	2.240E-320	968
431	431	1.000	729	0	0	1	729	1	729	0.000E+00	1511
460	460	1.000	752	0	0	1	752	1	752	0.000E+00	1538
49	49	1.000	721	0	0	1	721	1	721	0.000E+00	1465
75	75	1.000	743	0	0	1	743	1	743	0.000E+00	1549
82	82	1.000	762	0	0	1	762	1	762	0.000E+00	1557
881	881	1.000	754	0	0	1	754	1	754	0.000E+00	1571
881	584	0.990	754	8	0	1	754	1	754	0.000E+00	1557
91	91	1.000	747	0	0	1	747	1	747	0.000E+00	1538
939	939	1.000	783	0	0	1	783	1	783	0.000E+00	1630
414	414	1.000	464	0	0	1	464	1	464	1.127E-309	936
443	443	1.000	476	0	0	1	476	1	476	0.000E+00	989
472	472	1.000	737	0	0	1	737	1	737	0.000E+00	1519
500	500	1.000	752	0	0	1	752	1	752	0.000E+00	1539
53	53	1.000	446	0	0	1	446	1	446	2.073E-298	903
624	624	1.000	753	0	0	1	753	1	753	0.000E+00	1544
653	653	1.000	747	0	0	1	747	1	747	0.000E+00	1536
682	682	1.000	754	0	0	1	754	1	754	0.000E+00	1560
710	710	1.000	747	0	0	1	747	1	747	0.000E+00	1544
74	74	1.000	742	0	0	1	742	1	742	0.000E+00	1515
60	60	1.000	749	0	0	1	749	1	749	0.000E+00	1557
629	629	1.000	748	0	0	1	748	1	748	0.000E+00	1539
658	658	1.000	747	0	0	1	747	1	747	0.000E+00	1557
687	687	1.000	741	0	0	1	741	1	741	0.000E+00	1547
514	514	1.000	755	0	0	1	755	1	755	0.000E+00	1562
543	543	1.000	766	0	0	1	766	1	766	0.000E+00	1573
572	572	1.000	752	0	0	1	752	1	752	0.000E+00	1540
600	600	1.000	745	0	0	1	745	1	745	0.000E+00	1543
63	63	1.000	742	0	0	1	742	1	742	0.000E+00	1515
342	342	1.000	752	0	0	1	752	1	752	0.000E+00	1564
547	547	1.000	743	0	0	1	743	1	743	0.000E+00	1548
576	576	1.000	752	0	0	1	752	1	752	0.000E+00	1553
604	604	1.000	754	0	0	1	754	1	754	0.000E+00	1557
633	633	1.000	751	0	0	1	751	1	751	0.000E+00	1571
949	949	1.000	746	0	0	1	746	1	746	0.000E+00	1544
98	98	1.000	752	0	0	1	752	1	752	0.000E+00	1557
124	124	1.000	753	0	0	1	753	1	753	0.000E+00	1551
153	153	1.000	745	0	0	1	745	1	745	0.000E+00	1536
182	182	1.000	755	0	0	1	755	1	755	0.000E+00	1555
640	640	1.000	753	0	0	1	753	1	753	0.000E+00	1564
371	371	1.000	458	0	0	1	458	1	458	2.788E-305	923
40	40	1.000	459	0	0	1	459	1	459	8.285E-306	925
429	429	1.000	448	0	0	1	448	1	448	5.723E-301	910
458	458	1.000	474	0	0	1	474	1	474	4.224E-321	970
715	715	1.000	746	0	0	1	746	1	746	0.000E+00	1546
715	932	1.000	746	0	0	1	746	1	746	0.000E+00	1546
715	938	0.937	739	46	0	1	739	1	739	0.000E+00	1458
746	746	1.000	736	0	0	1	736	1	736	0.000E+00	1515
746	747	1.000	736	0	0	1	736	1	736	0.000E+00	1515
746	780	1.000	736	0	0	1	736	1	736	0.000E+00	1515
746	1011	0.997	712	2	0	25	736	1	712	0.000E+00	1466
746	403	0.997	712	2	0	25	736	1	712	0.000E+00	1466
806	806	1.000	751	0	0	1	751	1	751	0.000E+00	1565
806	501	1.000	751	0	0	1	751	1	751	0.000E+00	1565
878	878	1.000	747	0	0	1	747	1	747	0.000E+00	1540
935	935	1.000	751	0	0	1	751	1	751	0.000E+00	1572
935	591	0.888	751	84	0	1	751	1	751	0.000E+00	1427
935	936	0.886	751	86	0	1	751	1	751	0.000E+00	1426
426	426	1.000	762	0	0	1	762	1	762	0.000E+00	1555
195	195	1.000	762	0	0	1	762	1	762	0.000E+00	1576
195	854	0.952	760	36	0	1	760	1	760	0.000E+00	1509
195	1041	0.946	760	41	0	1	760	1	760	0.000E+00	1508
195	987	0.890	758	83	0	2	759	2	759	0.000E+00	1438
195	764	0.936	583	37	0	178	760	1	583	0.000E+00	1152
223	223	1.000	469	0	0	1	469	1	469	1.691E-314	951
252	252	1.000	745	0	0	1	745	1	745	0.000E+00	1563
281	281	1.000	750	0	0	1	750	1	750	0.000E+00	1549
281	876	0.997	750	2	0	1	750	1	750	0.000E+00	1547
281	768	0.990	750	7	0	1	750	1	750	0.000E+00	1538
31	31	1.000	456	0	0	1	456	1	456	2.090E-303	918
120	120	1.000	448	0	0	1	448	1	448	4.711E-299	905
15	15	1.000	441	0	0	1	441	1	441	8.118E-295	892
179	179	1.000	756	0	0	1	756	1	756	0.000E+00	1573
207	207	1.000	754	0	0	1	754	1	754	0.000E+00	1534
236	236	1.000	753	0	0	1	753	1	753	0.000E+00	1550
45	45	1.000	533	0	0	1	533	1	533	0.000E+00	1092
479	479	1.000	751	0	0	1	751	1	751	0.000E+00	1534
507	507	1.000	739	0	0	1	739	1	739	0.000E+00	1502
536	536	1.000	741	0	0	1	741	1	741	0.000E+00	1514
286	286	1.000	755	0	0	1	755	1	755	0.000E+00	1565
286	820	0.946	754	41	0	1	754	1	754	0.000E+00	1495
286	1048	0.946	754	41	0	1	754	1	754	0.000E+00	1493
286	990	0.946	754	41	0	1	754	1	754	0.000E+00	1493
314	314	1.000	753	0	0	1	753	1	753	0.000E+00	1521
372	372	1.000	744	0	0	1	744	1	744	0.000E+00	1530
400	400	1.000	459	0	0	1	459	1	459	8.285E-306	925
43	43	1.000	733	0	0	1	733	1	733	0.000E+00	1498
152	152	1.000	755	0	0	1	755	1	755	0.000E+00	1562
131	131	1.000	748	0	0	1	748	1	748	0.000E+00	1523
160	160	1.000	764	0	0	1	764	1	764	0.000E+00	1579
19	19	1.000	749	0	0	1	749	1	749	0.000E+00	1571
218	218	1.000	761	0	0	1	761	1	761	0.000E+00	1561
966	966	1.000	727	0	0	1	727	1	727	0.000E+00	1482
995	995	1.000	743	0	0	1	743	1	743	0.000E+00	1541
995	335	1.000	743	0	0	1	743	1	743	0.000E+00	1541
84	84	1.000	754	0	0	1	754	1	754	0.000E+00	1561
130	130	1.000	754	0	0	1	754	1	754	0.000E+00	1561
16	16	1.000	741	0	0	1	741	1	741	0.000E+00	1510
561	561	1.000	746	0	0	1	746	1	746	0.000E+00	1520
41	41	1.000	734	0	0	1	734	1	734	0.000E+00	1510
675	675	1.000	753	0	0	1	753	1	753	0.000E+00	1542
703	703	1.000	782	0	0	1	782	1	782	0.000E+00	1647
703	925	1.000	782	0	0	1	782	1	782	0.000E+00	1647
732	732	1.000	748	0	0	1	748	1	748	0.000E+00	1548
451	451	1.000	754	0	0	1	754	1	754	0.000E+00	1575
480	480	1.000	772	0	0	1	772	1	772	0.000E+00	1582
480	858	0.937	770	47	0	1	770	1	746	0.000E+00	1477
509	509	1.000	736	0	0	1	736	1	736	0.000E+00	1550
509	965	1.000	735	0	0	2	736	1	735	0.000E+00	1549
567	567	1.000	742	0	0	1	742	1	742	0.000E+00	1511
596	596	1.000	747	0	0	1	747	1	747	0.000E+00	1538
596	463	0.893	744	80	0	1	744	1	744	0.000E+00	1400
265	265	1.000	748	0	0	1	748	1	748	0.000E+00	1562
265	979	0.986	747	10	0	1	747	2	748	0.000E+00	1544
265	867	0.974	745	19	0	1	745	2	746	0.000E+00	1523
447	447	1.000	760	0	0	1	760	1	760	0.000E+00	1565
476	476	1.000	751	0	0	1	751	1	751	0.000E+00	1533
504	504	1.000	751	0	0	1	751	1	751	0.000E+00	1555
533	533	1.000	761	0	0	1	761	1	761	0.000E+00	1563
193	193	1.000	760	0	0	1	760	1	760	0.000E+00	1566
221	221	1.000	753	0	0	1	753	1	753	0.000E+00	1550
28	28	1.000	745	0	0	1	745	1	745	0.000E+00	1542
308	308	1.000	450	0	0	1	450	1	450	4.160E-300	908
337	337	1.000	755	0	0	1	755	1	755	0.000E+00	1560
337	991	0.969	753	23	0	1	753	1	753	0.000E+00	1522
376	376	1.000	448	0	0	1	448	1	448	1.586E-304	921
649	649	1.000	748	0	0	1	748	1	748	0.000E+00	1574
706	706	1.000	782	0	0	1	782	1	782	0.000E+00	1615
706	929	1.000	782	0	0	1	782	1	782	0.000E+00	1615
96	96	1.000	753	0	0	1	753	1	753	0.000E+00	1553
1054	1054	1.000	734	0	0	1	734	1	734	0.000E+00	1492
1054	452	0.993	733	5	0	1	733	1	733	0.000E+00	1482
1054	993	0.994	732	4	0	1	732	1	732	0.000E+00	1480
1054	984	0.994	732	4	0	1	732	1	732	0.000E+00	1480
379	379	1.000	762	0	0	1	762	1	762	0.000E+00	1575
407	407	1.000	439	0	0	1	439	1	439	3.656E-291	882
436	436	1.000	448	0	0	1	448	1	448	2.509E-299	906
494	494	1.000	753	0	0	1	753	1	753	0.000E+00	1549
522	522	1.000	744	0	0	1	744	1	744	0.000E+00	1548
928	928	1.000	753	0	0	1	753	1	753	0.000E+00	1577
928	705	1.000	751	0	0	1	751	1	751	0.000E+00	1573
59	59	1.000	751	0	0	1	751	1	751	0.000E+00	1562
618	618	1.000	743	0	0	1	743	1	743	0.000E+00	1540
676	676	1.000	743	0	0	1	743	1	743	0.000E+00	1531
676	894	1.000	741	0	0	2	742	1	741	0.000E+00	1527
676	884	0.998	741	1	0	2	742	1	741	0.000E+00	1525
676	885	0.956	741	33	0	2	742	1	741	0.000E+00	1480
704	704	1.000	742	0	0	1	742	1	742	0.000E+00	1539
704	927	1.000	742	0	0	1	742	1	742	0.000E+00	1539
553	553	1.000	740	0	0	1	740	1	740	0.000E+00	1542
582	582	1.000	747	0	0	1	747	1	747	0.000E+00	1556
582	1021	1.000	747	0	0	1	747	1	747	0.000E+00	1556
582	859	0.958	746	31	0	1	746	1	746	0.000E+00	1503
610	610	1.000	745	0	0	1	745	1	745	0.000E+00	1531
64	64	1.000	761	0	0	1	761	1	761	0.000E+00	1551
669	669	1.000	740	0	0	1	740	1	740	0.000E+00	1528
669	834	0.905	739	70	0	1	739	1	739	0.000E+00	1408
603	603	1.000	743	0	0	1	743	1	743	0.000E+00	1540
693	693	1.000	751	0	0	1	751	1	751	0.000E+00	1562
781	781	1.000	758	0	0	1	758	1	758	0.000E+00	1583
781	783	0.988	758	9	0	1	758	1	758	0.000E+00	1567
781	782	0.968	758	24	0	1	758	1	758	0.000E+00	1540
781	437	0.941	758	45	0	1	758	1	758	0.000E+00	1518
855	855	1.000	745	0	0	1	745	1	745	0.000E+00	1533
855	3	0.995	745	4	0	1	745	1	745	0.000E+00	1526
941	941	1.000	751	0	0	1	751	1	751	0.000E+00	1564
941	742	1.000	747	0	0	2	748	1	747	0.000E+00	1557
409	409	1.000	756	0	0	1	756	1	756	0.000E+00	1564
409	895	0.948	753	39	0	1	753	1	753	0.000E+00	1482
409	896	0.938	753	47	0	1	753	1	753	0.000E+00	1470
409	750	0.928	752	54	0	1	752	1	752	0.000E+00	1458
409	762	0.924	753	57	0	1	753	1	753	0.000E+00	1455
409	763	0.921	752	59	0	1	752	1	752	0.000E+00	1444
438	438	1.000	755	0	0	1	755	1	755	0.000E+00	1550
438	180	0.893	753	80	0	1	753	1	752	0.000E+00	1415
467	467	1.000	749	0	0	1	749	1	749	0.000E+00	1566
496	496	1.000	761	0	0	1	761	1	761	0.000E+00	1558
524	524	1.000	746	0	0	1	746	1	746	0.000E+00	1524
381	381	1.000	473	0	0	1	473	1	473	0.000E+00	990
521	521	1.000	749	0	0	1	749	1	749	0.000E+00	1529
550	550	1.000	746	0	0	1	746	1	746	0.000E+00	1539
58	58	1.000	753	0	0	1	753	1	753	0.000E+00	1554
608	608	1.000	740	0	0	1	740	1	740	0.000E+00	1498
103	103	1.000	720	0	0	1	720	1	720	0.000E+00	1515
110	110	1.000	740	0	0	1	740	1	740	0.000E+00	1530
14	14	1.000	448	0	0	1	448	1	448	2.018E-300	909
169	169	1.000	746	0	0	1	746	1	746	0.000E+00	1532
198	198	1.000	754	0	0	1	754	1	754	0.000E+00	1564
778	778	1.000	741	0	0	1	741	1	741	0.000E+00	1553
778	119	0.997	740	2	0	1	740	1	740	0.000E+00	1547
978	978	1.000	748	0	0	1	748	1	748	0.000E+00	1514
978	619	0.962	686	26	0	63	748	5	690	0.000E+00	1352
122	122	1.000	752	0	0	1	752	1	752	0.000E+00	1545
151	151	1.000	755	0	0	1	755	1	755	0.000E+00	1543
151	840	0.933	754	50	0	1	754	1	754	0.000E+00	1456
209	209	1.000	745	0	0	1	745	1	745	0.000E+00	1547
238	238	1.000	738	0	0	1	738	1	738	0.000E+00	1519
267	267	1.000	459	0	0	1	459	1	459	1.280E-303	919
296	296	1.000	755	0	0	1	755	1	755	0.000E+00	1560
296	1051	1.000	752	0	0	1	752	1	752	0.000E+00	1554
324	324	1.000	753	0	0	1	753	1	753	0.000E+00	1532
324	994	1.000	751	0	0	1	751	1	751	0.000E+00	1528
353	353	1.000	749	0	0	1	749	1	749	0.000E+00	1566
5	5	1.000	754	0	0	1	754	1	754	0.000E+00	1548
665	665	1.000	745	0	0	1	745	1	745	0.000E+00	1522
694	694	1.000	743	0	0	1	743	1	743	0.000E+00	1532
722	722	1.000	743	0	0	1	743	1	743	0.000E+00	1538
753	753	1.000	753	0	0	1	753	1	753	0.000E+00	1536
753	259	0.986	750	10	0	2	751	1	750	0.000E+00	1517
366	366	1.000	757	0	0	1	757	1	757	0.000E+00	1544
395	395	1.000	460	0	0	1	460	1	460	4.289E-302	914
481	481	1.000	741	0	0	1	741	1	741	0.000E+00	1531
51	51	1.000	465	0	0	1	465	1	465	5.329E-318	960
539	539	1.000	754	0	0	1	754	1	754	0.000E+00	1550
87	87	1.000	752	0	0	1	752	1	752	0.000E+00	1547
87	1034	1.000	750	0	0	1	750	1	750	0.000E+00	1543
242	242	1.000	745	0	0	1	745	1	745	0.000E+00	1568
271	271	1.000	748	0	0	1	748	1	748	0.000E+00	1553
30	30	1.000	738	0	0	1	738	1	738	0.000E+00	1530
329	329	1.000	448	0	0	1	448	1	448	7.115E-300	907
358	358	1.000	748	0	0	1	748	1	748	0.000E+00	1538
788	788	1.000	748	0	0	1	748	1	748	0.000E+00	1551
788	856	0.936	743	47	0	1	743	1	743	0.000E+00	1462
788	678	0.873	736	88	0	8	743	2	696	0.000E+00	1337
832	832	1.000	740	0	0	1	740	1	740	0.000E+00	1512
861	861	1.000	750	0	0	1	750	1	750	0.000E+00	1569
861	644	1.000	746	0	0	2	747	1	746	0.000E+00	1560
919	919	1.000	741	0	0	1	741	1	741	0.000E+00	1541
919	700	1.000	741	0	0	1	741	1	741	0.000E+00	1541
123	123	1.000	753	0	0	1	753	1	753	0.000E+00	1568
477	477	1.000	750	0	0	1	750	1	750	0.000E+00	1542
477	772	0.900	747	75	0	1	747	1	746	0.000E+00	1402
505	505	1.000	753	0	0	1	753	1	753	0.000E+00	1560
534	534	1.000	754	0	0	1	754	1	754	0.000E+00	1565
563	563	1.000	730	0	0	1	730	1	730	0.000E+00	1506
592	592	1.000	749	0	0	1	749	1	749	0.000E+00	1540
100	100	1.000	749	0	0	1	749	1	749	0.000E+00	1566
139	139	1.000	748	0	0	1	748	1	748	0.000E+00	1540
168	168	1.000	448	0	0	1	448	1	448	5.723E-301	910
197	197	1.000	466	0	0	1	466	1	466	2.636E-320	967
225	225	1.000	460	0	0	1	460	1	460	1.031E-310	939
449	449	1.000	760	0	0	1	760	1	760	0.000E+00	1570
478	478	1.000	761	0	0	1	761	1	761	0.000E+00	1563
506	506	1.000	749	0	0	1	749	1	749	0.000E+00	1560
535	535	1.000	752	0	0	1	752	1	752	0.000E+00	1539
226	226	1.000	458	0	0	1	458	1	458	3.073E-306	926
226	162	0.960	457	18	0	1	457	1	457	8.459E-297	899
255	255	1.000	761	0	0	1	761	1	761	0.000E+00	1581
284	284	1.000	747	0	0	1	747	1	747	0.000E+00	1530
312	312	1.000	454	0	0	1	454	1	454	4.149E-311	940
341	341	1.000	753	0	0	1	753	1	753	0.000E+00	1546
97	97	1.000	466	0	0	1	466	1	466	2.322E-322	973
528	528	1.000	753	0	0	1	753	1	753	0.000E+00	1558
107	107	1.000	748	0	0	1	748	1	748	0.000E+00	1539
136	136	1.000	737	0	0	1	737	1	737	0.000E+00	1522
165	165	1.000	748	0	0	1	748	1	748	0.000E+00	1552
79	79	1.000	460	0	0	1	460	1	460	7.698E-308	931
863	863	1.000	751	0	0	1	751	1	751	0.000E+00	1560
863	770	0.992	751	6	0	1	751	1	751	0.000E+00	1548
863	647	0.992	750	6	0	2	751	1	750	0.000E+00	1547
863	864	0.988	751	9	0	1	751	1	751	0.000E+00	1546
920	920	1.000	739	0	0	1	739	1	739	0.000E+00	1533
920	701	1.000	739	0	0	1	739	1	739	0.000E+00	1533
920	921	0.983	739	13	0	1	739	1	739	0.000E+00	1513
95	95	1.000	754	0	0	1	754	1	754	0.000E+00	1558
125	125	1.000	758	0	0	1	758	1	758	0.000E+00	1579
882	882	1.000	753	0	0	1	753	1	753	0.000E+00	1543
882	1050	0.997	753	2	0	1	753	1	753	0.000E+00	1540
882	245	0.997	753	2	0	1	753	1	753	0.000E+00	1540
882	975	0.938	753	47	0	1	753	1	753	0.000E+00	1461
105	105	1.000	747	0	0	1	747	1	747	0.000E+00	1530
129	129	1.000	736	0	0	1	736	1	736	0.000E+00	1512
187	187	1.000	448	0	0	1	448	1	448	4.711E-299	905
215	215	1.000	746	0	0	1	746	1	746	0.000E+00	1539
173	173	1.000	457	0	0	1	457	1	457	1.562E-306	927
201	201	1.000	456	0	0	1	456	1	456	1.353E-305	924
230	230	1.000	448	0	0	1	448	1	448	8.024E-298	901
26	26	1.000	759	0	0	1	759	1	759	0.000E+00	1548
289	289	1.000	468	0	0	1	468	1	468	6.913E-316	955
42	42	1.000	746	0	0	1	746	1	746	0.000E+00	1540
370	370	1.000	449	0	0	1	449	1	449	1.875E-302	915
4	4	1.000	752	0	0	1	752	1	752	0.000E+00	1567
428	428	1.000	743	0	0	1	743	1	743	0.000E+00	1532
457	457	1.000	756	0	0	1	756	1	756	0.000E+00	1552
457	996	1.000	752	0	0	1	752	1	752	0.000E+00	1544
457	970	0.993	752	5	0	1	752	1	752	0.000E+00	1536
457	842	0.970	752	23	0	1	752	1	752	0.000E+00	1506
457	847	0.968	752	24	0	1	752	1	752	0.000E+00	1503
457	843	0.972	751	21	0	1	751	1	751	0.000E+00	1502
457	848	0.970	752	23	0	1	752	1	752	0.000E+00	1502
457	845	0.968	752	24	0	1	752	1	752	0.000E+00	1498
457	846	0.968	752	24	0	1	752	1	752	0.000E+00	1498
457	849	0.964	751	27	0	1	751	1	751	0.000E+00	1491
457	850	0.960	751	30	0	1	751	1	751	0.000E+00	1486
457	844	0.956	751	33	0	1	751	1	751	0.000E+00	1484
457	1045	0.954	750	34	0	2	751	2	751	0.000E+00	1483
457	1025	0.953	750	35	0	2	751	2	751	0.000E+00	1480
457	796	0.952	751	36	0	2	752	2	752	0.000E+00	1477
486	486	1.000	762	0	0	1	762	1	762	0.000E+00	1572
427	427	1.000	460	0	0	1	460	1	460	2.134E-311	941
456	456	1.000	751	0	0	1	751	1	751	0.000E+00	1570
456	776	0.992	750	6	0	1	749	1	750	0.000E+00	1554
456	1047	0.893	740	79	0	1	740	1	739	0.000E+00	1402
485	485	1.000	738	0	0	1	738	1	738	0.000E+00	1528
513	513	1.000	758	0	0	1	758	1	758	0.000E+00	1559
542	542	1.000	743	0	0	1	743	1	743	0.000E+00	1539
67	67	1.000	737	0	0	1	737	1	737	0.000E+00	1535
699	699	1.000	739	0	0	1	739	1	739	0.000E+00	1523
699	918	1.000	739	0	0	1	739	1	739	0.000E+00	1523
727	727	1.000	752	0	0	1	752	1	752	0.000E+00	1575
787	787	1.000	756	0	0	1	756	1	756	0.000E+00	1580
787	745	0.997	755	2	0	1	755	1	755	0.000E+00	1575
787	11	0.997	754	2	0	1	754	1	754	0.000E+00	1573
708	708	1.000	743	0	0	1	743	1	743	0.000E+00	1540
737	737	1.000	739	0	0	1	739	1	739	0.000E+00	1513
737	900	1.000	739	0	0	1	739	1	739	0.000E+00	1513
8	8	1.000	751	0	0	1	751	1	751	0.000E+00	1575
870	870	1.000	744	0	0	1	744	1	744	0.000E+00	1545
9	9	1.000	742	0	0	1	742	1	742	0.000E+00	1525
585	585	1.000	713	0	0	1	713	1	713	0.000E+00	1478
76	76	1.000	463	0	0	1	463	1	463	6.962E-312	943
833	833	1.000	777	0	0	1	777	1	777	0.000E+00	1625
862	862	1.000	755	0	0	1	755	1	755	0.000E+00	1573
862	645	1.000	752	0	0	2	753	1	752	0.000E+00	1568
92	92	1.000	472	0	0	1	472	1	472	1.186E-322	974
612	612	1.000	753	0	0	1	753	1	753	0.000E+00	1555
641	641	1.000	753	0	0	1	753	1	753	0.000E+00	1553
670	670	1.000	727	0	0	1	727	1	727	0.000E+00	1485
7	7	1.000	446	0	0	1	446	1	446	2.907E-295	894
728	728	1.000	753	0	0	1	753	1	753	0.000E+00	1545
637	637	1.000	751	0	0	1	751	1	751	0.000E+00	1540
666	666	1.000	739	0	0	1	739	1	739	0.000E+00	1509
695	695	1.000	745	0	0	1	745	1	745	0.000E+00	1541
723	723	1.000	741	0	0	1	741	1	741	0.000E+00	1539
886	886	1.000	750	0	0	1	750	1	750	0.000E+00	1555
235	235	1.000	749	0	0	1	749	1	749	0.000E+00	1552
264	264	1.000	753	0	0	1	753	1	753	0.000E+00	1563
264	761	0.985	751	11	0	2	750	2	752	0.000E+00	1532
264	828	0.972	751	21	0	1	751	1	751	0.000E+00	1527
264	981	0.976	750	18	0	1	750	1	750	0.000E+00	1523
264	860	0.990	738	7	0	15	750	1	738	0.000E+00	1513
264	982	0.965	750	26	0	1	750	1	750	0.000E+00	1506
293	293	1.000	454	0	0	1	454	1	454	2.609E-303	917
321	321	1.000	448	0	0	1	448	1	448	6.309E-302	913
350	350	1.000	744	0	0	1	744	1	744	0.000E+00	1527
382	382	1.000	721	0	0	1	721	1	721	0.000E+00	1504
933	933	1.000	751	0	0	1	751	1	751	0.000E+00	1560
933	716	1.000	750	0	0	1	750	1	750	0.000E+00	1559
964	964	1.000	761	0	0	1	761	1	761	0.000E+00	1592
10	10	1.000	450	0	0	1	450	1	450	2.442E-301	912
1028	1028	1.000	746	0	0	1	746	1	746	0.000E+00	1538
1028	1049	0.982	746	13	0	1	746	1	746	0.000E+00	1520
1028	913	0.971	746	22	0	1	746	1	746	0.000E+00	1502
117	117	1.000	726	0	0	1	726	1	726	0.000E+00	1495
146	146	1.000	466	0	0	1	466	1	466	9.029E-310	937
203	203	1.000	475	0	0	1	475	1	475	0.000E+00	982
232	232	1.000	446	0	0	1	446	1	446	6.333E-303	916
261	261	1.000	748	0	0	1	748	1	748	0.000E+00	1552
261	754	0.970	747	22	0	1	747	1	747	0.000E+00	1510
562	562	1.000	738	0	0	1	738	1	738	0.000E+00	1513
361	361	1.000	741	0	0	1	741	1	741	0.000E+00	1531
390	390	1.000	749	0	0	1	749	1	749	0.000E+00	1551
419	419	1.000	758	0	0	1	758	1	758	0.000E+00	1557
448	448	1.000	748	0	0	1	748	1	748	0.000E+00	1535
943	943	1.000	752	0	0	1	752	1	752	0.000E+00	1546
974	974	1.000	756	0	0	1	756	1	756	0.000E+00	1551
974	461	0.985	755	11	0	1	755	1	755	0.000E+00	1527
148	148	1.000	448	0	0	1	448	1	448	4.604E-302	914
177	177	1.000	442	0	0	1	442	1	442	2.721E-293	888
205	205	1.000	472	0	0	1	472	1	472	2.664E-314	950
89	89	1.000	762	0	0	1	762	1	762	0.000E+00	1575
731	731	1.000	746	0	0	1	746	1	746	0.000E+00	1529
865	865	1.000	753	0	0	1	753	1	753	0.000E+00	1564
865	648	1.000	750	0	0	2	751	1	750	0.000E+00	1558
156	156	1.000	474	0	0	1	474	1	474	4.870E-316	955
185	185	1.000	729	0	0	1	729	1	729	0.000E+00	1496
213	213	1.000	446	0	0	1	446	1	446	5.335E-298	902
272	272	1.000	470	0	0	1	470	1	470	1.146E-316	957
300	300	1.000	479	0	0	1	479	1	479	9.881E-324	978
33	33	1.000	743	0	0	1	743	1	743	0.000E+00	1557
359	359	1.000	750	0	0	1	750	1	750	0.000E+00	1539
388	388	1.000	747	0	0	1	747	1	747	0.000E+00	1554
44	44	1.000	745	0	0	1	745	1	745	0.000E+00	1542
469	469	1.000	751	0	0	1	751	1	751	0.000E+00	1554
498	498	1.000	752	0	0	1	752	1	752	0.000E+00	1547
526	526	1.000	759	0	0	1	759	1	759	0.000E+00	1579
983	983	1.000	739	0	0	1	739	1	739	0.000E+00	1538
983	333	0.902	738	72	0	2	739	1	738	0.000E+00	1416
983	954	0.901	738	73	0	1	738	1	738	0.000E+00	1413
128	128	1.000	448	0	0	1	448	1	448	2.452E-302	914
157	157	1.000	762	0	0	1	762	1	762	0.000E+00	1570
186	186	1.000	746	0	0	1	746	1	746	0.000E+00	1563
186	888	0.989	744	8	0	1	744	1	744	0.000E+00	1541
214	214	1.000	477	0	0	1	477	1	477	0.000E+00	1004
632	632	1.000	753	0	0	1	753	1	753	0.000E+00	1567
661	661	1.000	742	0	0	1	742	1	742	0.000E+00	1517
690	690	1.000	761	0	0	1	761	1	761	0.000E+00	1583
719	719	1.000	742	0	0	1	742	1	742	0.000E+00	1541
387	387	1.000	742	0	0	1	742	1	742	0.000E+00	1542
387	827	1.000	741	0	0	1	741	1	741	0.000E+00	1540
415	415	1.000	450	0	0	1	450	1	450	4.255E-297	899
444	444	1.000	744	0	0	1	744	1	744	0.000E+00	1519
473	473	1.000	754	0	0	1	754	1	754	0.000E+00	1558
530	530	1.000	744	0	0	1	744	1	744	0.000E+00	1524
664	664	1.000	740	0	0	1	740	1	740	0.000E+00	1516
455	455	1.000	473	0	0	1	473	1	473	1.061E-317	960
484	484	1.000	746	0	0	1	746	1	746	0.000E+00	1553
484	779	1.000	746	0	0	1	746	1	746	0.000E+00	1553
512	512	1.000	752	0	0	1	752	1	752	0.000E+00	1570
541	541	1.000	750	0	0	1	750	1	750	0.000E+00	1553
483	483	1.000	749	0	0	1	749	1	749	0.000E+00	1540
511	511	1.000	753	0	0	1	753	1	753	0.000E+00	1550
511	1040	0.950	753	38	0	1	753	1	753	0.000E+00	1488
540	540	1.000	758	0	0	1	758	1	758	0.000E+00	1569
57	57	1.000	749	0	0	1	749	1	749	0.000E+00	1561
57	866	1.000	748	0	0	1	748	1	748	0.000E+00	1559
57	868	0.922	746	58	0	1	746	1	746	0.000E+00	1452
599	599	1.000	755	0	0	1	755	1	755	0.000E+00	1540
599	1039	1.000	754	0	0	1	754	1	754	0.000E+00	1538
493	493	1.000	753	0	0	1	753	1	753	0.000E+00	1547
872	872	1.000	756	0	0	1	756	1	756	0.000E+00	1554
872	62	1.000	740	0	0	17	756	1	740	0.000E+00	1521
93	93	1.000	465	0	0	1	465	1	465	3.889E-318	961
99	99	1.000	448	0	0	1	448	1	448	6.794E-306	925
134	134	1.000	449	0	0	1	449	1	449	3.361E-308	931
244	244	1.000	476	0	0	1	476	1	476	0.000E+00	999
273	273	1.000	757	0	0	1	757	1	757	0.000E+00	1570
301	301	1.000	447	0	0	1	447	1	447	4.079E-298	902
301	211	0.903	446	43	0	1	446	1	446	1.008E-274	835
330	330	1.000	461	0	0	1	461	1	461	1.313E-312	945
36	36	1.000	755	0	0	1	755	1	755	0.000E+00	1587
492	492	1.000	753	0	0	1	753	1	753	0.000E+00	1555
364	364	1.000	755	0	0	1	755	1	755	0.000E+00	1558
393	393	1.000	756	0	0	1	756	1	756	0.000E+00	1573
421	421	1.000	464	0	0	1	464	1	464	2.333E-310	938
450	450	1.000	745	0	0	1	745	1	745	0.000E+00	1541
450	823	0.991	742	7	0	1	742	1	742	0.000E+00	1526
450	773	0.963	742	27	0	1	742	1	742	0.000E+00	1497
450	1022	0.963	742	27	0	1	742	1	742	0.000E+00	1497
450	977	0.929	742	53	0	1	742	1	742	0.000E+00	1456
450	956	0.928	742	53	0	1	742	1	742	0.000E+00	1455
253	253	1.000	469	0	0	1	469	1	469	4.688E-318	961
282	282	1.000	745	0	0	1	745	1	745	0.000E+00	1530
310	310	1.000	753	0	0	1	753	1	753	0.000E+00	1546
310	1013	0.914	752	65	0	1	752	1	752	0.000E+00	1433
310	767	0.912	752	66	0	1	752	1	752	0.000E+00	1429
310	1052	0.912	752	66	0	1	752	1	752	0.000E+00	1429
310	766	0.912	752	66	0	1	752	1	752	0.000E+00	1428
310	1024	0.904	751	72	0	1	751	1	751	0.000E+00	1419
310	1014	0.901	751	74	0	1	751	1	751	0.000E+00	1414
310	969	0.900	751	75	0	1	751	1	751	0.000E+00	1410
369	369	1.000	747	0	0	1	747	1	747	0.000E+00	1567
369	1019	0.987	747	10	0	1	747	1	747	0.000E+00	1549
369	889	0.985	747	11	0	1	747	1	747	0.000E+00	1544
369	1017	0.935	743	48	0	1	743	1	742	0.000E+00	1481
369	891	0.931	745	51	0	1	745	1	744	0.000E+00	1478
369	839	0.918	744	61	0	1	744	1	743	0.000E+00	1465
369	857	0.933	672	45	0	72	743	2	672	0.000E+00	1338
398	398	1.000	435	0	0	1	435	1	435	2.009E-290	879
231	231	1.000	747	0	0	1	747	1	747	0.000E+00	1525
46	46	1.000	731	0	0	1	731	1	731	0.000E+00	1509
489	489	1.000	756	0	0	1	756	1	756	0.000E+00	1542
517	517	1.000	749	0	0	1	749	1	749	0.000E+00	1533
546	546	1.000	743	0	0	1	743	1	743	0.000E+00	1517
575	575	1.000	754	0	0	1	754	1	754	0.000E+00	1559
199	199	1.000	772	0	0	1	772	1	772	0.000E+00	1580
227	227	1.000	738	0	0	1	738	1	738	0.000E+00	1525
256	256	1.000	463	0	0	1	463	1	463	2.227E-310	938
285	285	1.000	750	0	0	1	750	1	750	0.000E+00	1552
313	313	1.000	748	0	0	1	748	1	748	0.000E+00	1549
613	613	1.000	752	0	0	1	752	1	752	0.000E+00	1541
642	642	1.000	755	0	0	1	755	1	755	0.000E+00	1566
671	671	1.000	751	0	0	1	751	1	751	0.000E+00	1541
70	70	1.000	735	0	0	1	735	1	735	0.000E+00	1510
154	154	1.000	454	0	0	1	454	1	454	3.318E-299	906
183	183	1.000	448	0	0	1	448	1	448	1.185E-301	912
240	240	1.000	448	0	0	1	448	1	448	1.185E-301	912
27	27	1.000	444	0	0	1	444	1	444	1.250E-297	900
299	299	1.000	484	0	0	1	484	1	484	0.000E+00	992
942	942	1.000	743	0	0	1	743	1	743	0.000E+00	1524
942	721	1.000	742	0	0	2	743	1	742	0.000E+00	1523
590	590	1.000	749	0	0	1	749	1	749	0.000E+00	1539
677	677	1.000	749	0	0	1	749	1	749	0.000E+00	1553
734	734	1.000	752	0	0	1	752	1	752	0.000E+00	1546
985	985	1.000	493	0	0	1	493	1	493	0.000E+00	1039
985	389	0.886	484	55	0	8	491	1	484	1.935E-304	923
307	307	1.000	469	0	0	1	469	1	469	5.286E-316	955
336	336	1.000	752	0	0	1	752	1	752	0.000E+00	1542
365	365	1.000	469	0	0	1	469	1	469	1.864E-315	953
394	394	1.000	743	0	0	1	743	1	743	0.000E+00	1520
422	422	1.000	490	0	0	1	490	1	490	0.000E+00	1023
904	904	1.000	746	0	0	1	746	1	746	0.000E+00	1524
904	12	0.952	744	36	0	1	744	1	744	0.000E+00	1474
904	837	0.938	746	46	0	1	746	1	746	0.000E+00	1457
904	838	0.936	746	48	0	1	746	1	746	0.000E+00	1454
1038	1038	1.000	751	0	0	1	751	1	751	0.000E+00	1542
1038	334	1.000	751	0	0	1	751	1	751	0.000E+00	1542
118	118	1.000	746	0	0	1	746	1	746	0.000E+00	1527
147	147	1.000	753	0	0	1	753	1	753	0.000E+00	1562
147	1043	1.000	749	0	0	1	749	1	749	0.000E+00	1553
176	176	1.000	445	0	0	1	445	1	445	1.979E-298	903
234	234	1.000	735	0	0	1	735	1	735	0.000E+00	1512
263	263	1.000	449	0	0	1	449	1	449	2.019E-306	926
292	292	1.000	754	0	0	1	754	1	754	0.000E+00	1557
292	465	0.905	751	71	0	1	751	1	751	0.000E+00	1422
439	439	1.000	763	0	0	1	763	1	763	0.000E+00	1565
468	468	1.000	752	0	0	1	752	1	752	0.000E+00	1558
210	210	1.000	761	0	0	1	761	1	761	0.000E+00	1566
623	623	1.000	747	0	0	1	747	1	747	0.000E+00	1518
652	652	1.000	744	0	0	1	744	1	744	0.000E+00	1546
681	681	1.000	761	0	0	1	761	1	761	0.000E+00	1579
71	71	1.000	743	0	0	1	743	1	743	0.000E+00	1517
739	739	1.000	755	0	0	1	755	1	755	0.000E+00	1568
56	56	1.000	748	0	0	1	748	1	748	0.000E+00	1539
589	589	1.000	749	0	0	1	749	1	749	0.000E+00	1534
617	617	1.000	753	0	0	1	753	1	753	0.000E+00	1530
646	646	1.000	756	0	0	1	756	1	756	0.000E+00	1547
636	636	1.000	751	0	0	1	751	1	751	0.000E+00	1534
999	999	1.000	753	0	0	1	753	1	753	0.000E+00	1570
999	1009	0.997	753	2	0	1	753	1	753	0.000E+00	1566
999	423	0.997	753	2	0	1	753	1	753	0.000E+00	1566
114	114	1.000	445	0	0	1	445	1	445	2.711E-298	902
114	158	0.907	444	41	0	1	444	1	444	4.440E-274	833
143	143	1.000	760	0	0	1	760	1	760	0.000E+00	1572
172	172	1.000	740	0	0	1	740	1	740	0.000E+00	1501
116	116	1.000	751	0	0	1	751	1	751	0.000E+00	1550
145	145	1.000	755	0	0	1	755	1	755	0.000E+00	1549
174	174	1.000	473	0	0	1	473	1	473	6.228E-319	964
320	320	1.000	450	0	0	1	450	1	450	3.882E-309	934
35	35	1.000	740	0	0	1	740	1	740	0.000E+00	1502
77	77	1.000	430	0	0	1	430	1	430	6.475E-285	863
294	294	1.000	456	0	0	1	456	1	456	2.800E-306	926
322	322	1.000	740	0	0	1	740	1	740	0.000E+00	1526
322	953	0.997	738	2	0	1	738	1	738	0.000E+00	1517
322	910	0.911	738	66	0	1	738	1	738	0.000E+00	1415
322	911	0.910	738	66	0	1	738	1	738	0.000E+00	1412
322	912	0.911	738	66	0	1	738	1	738	0.000E+00	1412
322	952	0.910	738	66	0	1	738	1	738	0.000E+00	1409
322	909	0.909	738	67	0	1	738	1	738	0.000E+00	1407
351	351	1.000	738	0	0	1	738	1	738	0.000E+00	1519
380	380	1.000	448	0	0	1	448	1	448	7.843E-301	910
944	944	1.000	751	0	0	1	751	1	751	0.000E+00	1532
101	101	1.000	458	0	0	1	458	1	458	6.361E-307	928
104	104	1.000	745	0	0	1	745	1	745	0.000E+00	1528
178	178	1.000	748	0	0	1	748	1	748	0.000E+00	1558
206	206	1.000	445	0	0	1	445	1	445	3.371E-297	899
497	497	1.000	741	0	0	1	741	1	741	0.000E+00	1509
497	792	1.000	741	0	0	1	741	1	741	0.000E+00	1509
730	730	1.000	750	0	0	1	750	1	750	0.000E+00	1561
126	126	1.000	743	0	0	1	743	1	743	0.000E+00	1519
155	155	1.000	755	0	0	1	755	1	755	0.000E+00	1562
184	184	1.000	761	0	0	1	761	1	761	0.000E+00	1565
184	957	0.993	761	5	0	1	761	1	761	0.000E+00	1557
597	597	1.000	741	0	0	1	741	1	741	0.000E+00	1530
625	625	1.000	751	0	0	1	751	1	751	0.000E+00	1542
654	654	1.000	742	0	0	1	742	1	742	0.000E+00	1521
683	683	1.000	753	0	0	1	753	1	753	0.000E+00	1575
711	711	1.000	759	0	0	1	759	1	759	0.000E+00	1576
241	241	1.000	463	0	0	1	463	1	463	3.051E-310	938
684	684	1.000	753	0	0	1	753	1	753	0.000E+00	1579
712	712	1.000	757	0	0	1	757	1	757	0.000E+00	1555
741	741	1.000	746	0	0	1	746	1	746	0.000E+00	1559
963	963	1.000	545	0	0	1	545	1	545	0.000E+00	1119
52	52	1.000	754	0	0	1	754	1	754	0.000E+00	1571
549	549	1.000	746	0	0	1	746	1	746	0.000E+00	1527
549	890	0.926	746	55	0	1	746	1	746	0.000E+00	1439
549	972	0.910	718	65	0	1	718	1	718	0.000E+00	1367
578	578	1.000	751	0	0	1	751	1	751	0.000E+00	1533
606	606	1.000	750	0	0	1	750	1	750	0.000E+00	1565
635	635	1.000	751	0	0	1	751	1	751	0.000E+00	1554
306	306	1.000	475	0	0	1	475	1	475	0.000E+00	1000
191	191	1.000	476	0	0	1	476	1	476	1.483E-319	966
191	363	0.914	470	40	0	1	470	1	470	7.009E-293	889
22	22	1.000	743	0	0	1	743	1	743	0.000E+00	1543
249	249	1.000	440	0	0	1	440	1	440	2.049E-304	920
278	278	1.000	757	0	0	1	757	1	757	0.000E+00	1562
142	142	1.000	449	0	0	1	449	1	449	2.767E-306	926
171	171	1.000	743	0	0	1	743	1	743	0.000E+00	1517
20	20	1.000	448	0	0	1	448	1	448	1.306E-302	915
258	258	1.000	465	0	0	1	465	1	465	8.425E-313	945
287	287	1.000	446	0	0	1	446	1	446	1.130E-295	895
417	417	1.000	757	0	0	1	757	1	757	0.000E+00	1550
417	800	0.925	754	56	0	1	754	1	754	0.000E+00	1442
446	446	1.000	756	0	0	1	756	1	756	0.000E+00	1572
475	475	1.000	769	0	0	1	769	1	769	0.000E+00	1599
503	503	1.000	743	0	0	1	743	1	743	0.000E+00	1525
532	532	1.000	743	0	0	1	743	1	743	0.000E+00	1514
194	194	1.000	751	0	0	1	751	1	751	0.000E+00	1547
222	222	1.000	754	0	0	1	754	1	754	0.000E+00	1562
251	251	1.000	760	0	0	1	760	1	760	0.000E+00	1576
280	280	1.000	473	0	0	1	473	1	473	4.941E-324	979
309	309	1.000	457	0	0	1	457	1	457	7.377E-309	934
420	420	1.000	755	0	0	1	755	1	755	0.000E+00	1570
774	774	1.000	757	0	0	1	757	1	757	0.000E+00	1566
774	973	1.000	757	0	0	1	757	1	757	0.000E+00	1566
774	149	1.000	757	0	0	1	757	1	757	0.000E+00	1566
774	830	0.997	757	2	0	1	757	1	757	0.000E+00	1564
774	988	0.997	757	2	0	1	757	1	757	0.000E+00	1564
774	950	0.988	757	9	0	1	757	1	757	0.000E+00	1550
774	831	0.985	757	11	0	1	757	1	757	0.000E+00	1548
774	836	1.000	654	0	0	1	654	1	654	0.000E+00	1345
774	986	0.998	641	1	0	1	641	1	641	0.000E+00	1317
877	877	1.000	753	0	0	1	753	1	753	0.000E+00	1543
877	538	0.993	753	5	0	1	753	1	753	0.000E+00	1532
905	905	1.000	746	0	0	1	746	1	746	0.000E+00	1550
905	740	1.000	746	0	0	1	746	1	746	0.000E+00	1550
934	934	1.000	754	0	0	1	754	1	754	0.000E+00	1563
934	228	1.000	754	0	0	1	754	1	754	0.000E+00	1563
934	1015	1.000	754	0	0	1	754	1	754	0.000E+00	1563
219	219	1.000	476	0	0	1	476	1	476	1.516E-316	957
248	248	1.000	449	0	0	1	449	1	449	2.897E-300	908
277	277	1.000	450	0	0	1	450	1	450	9.275E-305	921
305	305	1.000	477	0	0	1	477	1	477	0.000E+00	995
392	392	1.000	466	0	0	1	466	1	466	1.437E-317	959
626	626	1.000	753	0	0	1	753	1	753	0.000E+00	1528
325	325	1.000	740	0	0	1	740	1	740	0.000E+00	1509
354	354	1.000	461	0	0	1	461	1	461	6.488E-309	934
383	383	1.000	765	0	0	1	765	1	765	0.000E+00	1597
411	411	1.000	740	0	0	1	740	1	740	0.000E+00	1539
355	355	1.000	481	0	0	1	481	1	481	0.000E+00	995
384	384	1.000	765	0	0	1	765	1	765	0.000E+00	1600
412	412	1.000	745	0	0	1	745	1	745	0.000E+00	1519
441	441	1.000	757	0	0	1	757	1	757	0.000E+00	1563
470	470	1.000	744	0	0	1	744	1	744	0.000E+00	1548
133	133	1.000	449	0	0	1	449	1	449	1.100E-303	918
551	551	1.000	753	0	0	1	753	1	753	0.000E+00	1560
580	580	1.000	752	0	0	1	752	1	752	0.000E+00	1561
609	609	1.000	751	0	0	1	751	1	751	0.000E+00	1549
638	638	1.000	758	0	0	1	758	1	758	0.000E+00	1563
667	667	1.000	752	0	0	1	752	1	752	0.000E+00	1544
564	564	1.000	753	0	0	1	753	1	753	0.000E+00	1549
593	593	1.000	750	0	0	1	750	1	750	0.000E+00	1575
621	621	1.000	751	0	0	1	751	1	751	0.000E+00	1560
650	650	1.000	751	0	0	1	751	1	751	0.000E+00	1565
68	68	1.000	738	0	0	1	738	1	738	0.000E+00	1543
68	903	1.000	737	0	0	1	737	2	738	0.000E+00	1541
68	841	0.917	736	61	0	1	736	2	737	0.000E+00	1429
260	260	1.000	737	0	0	1	737	1	737	0.000E+00	1506
260	752	0.964	733	26	0	1	733	1	733	0.000E+00	1455
29	29	1.000	739	0	0	1	739	1	739	0.000E+00	1530
318	318	1.000	756	0	0	1	756	1	756	0.000E+00	1559
347	347	1.000	749	0	0	1	749	1	749	0.000E+00	1555
347	785	1.000	749	0	0	1	749	1	749	0.000E+00	1555
565	565	1.000	746	0	0	1	746	1	746	0.000E+00	1523
594	594	1.000	746	0	0	1	746	1	746	0.000E+00	1525
622	622	1.000	754	0	0	1	754	1	754	0.000E+00	1548
651	651	1.000	573	0	0	1	573	1	573	0.000E+00	1178
680	680	1.000	757	0	0	1	757	1	757	0.000E+00	1583
673	673	1.000	752	0	0	1	752	1	752	0.000E+00	1550
673	883	0.997	751	2	0	1	751	1	751	0.000E+00	1543
602	602	1.000	748	0	0	1	748	1	748	0.000E+00	1534
631	631	1.000	753	0	0	1	753	1	753	0.000E+00	1544
660	660	1.000	755	0	0	1	755	1	755	0.000E+00	1562
69	69	1.000	742	0	0	1	742	1	742	0.000E+00	1521
718	718	1.000	740	0	0	1	740	1	740	0.000E+00	1524
327	327	1.000	758	0	0	1	758	1	758	0.000E+00	1553
356	356	1.000	755	0	0	1	755	1	755	0.000E+00	1567
385	385	1.000	753	0	0	1	753	1	753	0.000E+00	1557
442	442	1.000	751	0	0	1	751	1	751	0.000E+00	1541
471	471	1.000	747	0	0	1	747	1	747	0.000E+00	1545
525	525	1.000	754	0	0	1	754	1	754	0.000E+00	1555
554	554	1.000	753	0	0	1	753	1	753	0.000E+00	1532
583	583	1.000	755	0	0	1	755	1	755	0.000E+00	1577
583	914	0.956	750	33	0	1	750	1	746	0.000E+00	1502
611	611	1.000	749	0	0	1	749	1	749	0.000E+00	1536
548	548	1.000	747	0	0	1	747	1	747	0.000E+00	1541
577	577	1.000	534	0	0	1	534	1	534	0.000E+00	1093
577	992	1.000	534	0	0	1	534	1	534	0.000E+00	1093
605	605	1.000	750	0	0	1	750	1	750	0.000E+00	1564
634	634	1.000	767	0	0	1	767	1	767	0.000E+00	1594
663	663	1.000	753	0	0	1	753	1	753	0.000E+00	1555
518	518	1.000	751	0	0	1	751	1	751	0.000E+00	1551
515	515	1.000	746	0	0	1	746	1	746	0.000E+00	1546
544	544	1.000	757	0	0	1	757	1	757	0.000E+00	1573
573	573	1.000	745	0	0	1	745	1	745	0.000E+00	1521
601	601	1.000	743	0	0	1	743	1	743	0.000E+00	1505
189	189	1.000	745	0	0	1	745	1	745	0.000E+00	1532
189	769	0.997	745	2	0	1	745	1	745	0.000E+00	1531
189	871	0.892	744	80	0	2	745	2	745	0.000E+00	1409
217	217	1.000	748	0	0	1	748	1	748	0.000E+00	1567
246	246	1.000	455	0	0	1	455	1	455	1.171E-304	921
275	275	1.000	757	0	0	1	757	1	757	0.000E+00	1560
275	899	0.909	754	69	0	2	755	1	754	0.000E+00	1433
303	303	1.000	756	0	0	1	756	1	756	0.000E+00	1550
297	297	1.000	453	0	0	1	453	1	453	5.813E-302	914
270	270	1.000	447	0	0	1	447	1	447	1.971E-297	900
328	328	1.000	745	0	0	1	745	1	745	0.000E+00	1521
357	357	1.000	453	0	0	1	453	1	453	7.063E-304	919
386	386	1.000	741	0	0	1	741	1	741	0.000E+00	1510
627	627	1.000	753	0	0	1	753	1	753	0.000E+00	1570
656	656	1.000	752	0	0	1	752	1	752	0.000E+00	1561
685	685	1.000	497	0	0	1	497	1	497	0.000E+00	1042
685	1030	0.997	493	1	0	5	497	1	493	0.000E+00	1033
713	713	1.000	757	0	0	1	757	1	757	0.000E+00	1593
804	804	1.000	747	0	0	1	747	1	747	0.000E+00	1530
804	803	0.959	742	30	0	1	742	1	742	0.000E+00	1468
733	733	1.000	743	0	0	1	743	1	743	0.000E+00	1545
733	915	0.900	632	63	0	1	632	1	632	0.000E+00	1217
445	445	1.000	754	0	0	1	754	1	754	0.000E+00	1550
474	474	1.000	753	0	0	1	753	1	753	0.000E+00	1549
502	502	1.000	742	0	0	1	742	1	742	0.000E+00	1540
502	797	1.000	742	0	0	1	742	1	742	0.000E+00	1540
502	937	0.898	739	75	0	1	739	1	739	0.000E+00	1399
502	923	0.893	739	79	0	1	739	1	739	0.000E+00	1392
502	924	0.894	727	77	0	12	738	1	727	0.000E+00	1380
531	531	1.000	740	0	0	1	740	1	740	0.000E+00	1542
692	692	1.000	751	0	0	1	751	1	751	0.000E+00	1547
720	720	1.000	753	0	0	1	753	1	753	0.000E+00	1560
822	822	1.000	745	0	0	1	745	1	745	0.000E+00	1543
940	940	1.000	771	0	0	1	771	1	771	0.000E+00	1590
1036	1036	1.000	750	0	0	1	750	1	750	0.000E+00	1559
1036	568	1.000	750	0	0	1	750	1	750	0.000E+00	1559
1036	980	0.992	750	6	0	1	750	1	749	0.000E+00	1542
1036	1053	0.989	750	8	0	1	750	1	749	0.000E+00	1538
1036	775	0.988	750	9	0	1	750	1	749	0.000E+00	1536
1036	1016	0.986	750	10	0	1	750	1	749	0.000E+00	1535
1036	1006	0.985	750	11	0	1	750	1	749	0.000E+00	1534
1036	1000	0.982	750	13	0	1	750	1	749	0.000E+00	1530
1036	1002	0.978	750	16	0	1	750	1	749	0.000E+00	1530
1036	757	0.978	750	16	0	1	750	1	749	0.000E+00	1530
1036	1018	0.976	750	18	0	1	750	1	749	0.000E+00	1529
1036	1005	0.974	750	19	0	1	750	1	749	0.000E+00	1527
1036	346	0.974	750	19	0	1	750	1	749	0.000E+00	1527
1036	1008	0.969	750	23	0	1	750	1	749	0.000E+00	1525
1036	1055	0.987	743	10	0	8	750	1	742	0.000E+00	1517
1036	1007	0.962	750	28	0	1	750	1	749	0.000E+00	1511
1036	1001	0.961	750	29	0	1	750	1	749	0.000E+00	1510
1036	1012	0.914	750	64	0	1	750	1	749	0.000E+00	1445
1036	1003	0.981	587	11	0	1	587	1	586	0.000E+00	1200
1036	1004	0.994	533	3	0	218	750	1	532	0.000E+00	1095
714	714	1.000	781	0	0	1	781	1	781	0.000E+00	1622
714	931	1.000	780	0	0	1	780	1	780	0.000E+00	1620
367	367	1.000	754	0	0	1	754	1	754	0.000E+00	1566
396	396	1.000	743	0	0	1	743	1	743	0.000E+00	1529
424	424	1.000	751	0	0	1	751	1	751	0.000E+00	1538
424	1029	0.991	748	7	0	1	748	1	748	0.000E+00	1521
453	453	1.000	445	0	0	1	445	1	445	1.444E-298	903
274	274	1.000	457	0	0	1	457	1	457	2.802E-312	944
302	302	1.000	752	0	0	1	752	1	752	0.000E+00	1538
331	331	1.000	471	0	0	1	471	1	471	0.000E+00	983
360	360	1.000	458	0	0	1	458	1	458	3.073E-306	926
39	39	1.000	752	0	0	1	752	1	752	0.000E+00	1544
487	487	1.000	752	0	0	1	752	1	752	0.000E+00	1551
819	819	1.000	738	0	0	1	738	1	738	0.000E+00	1515
819	175	0.917	737	61	0	2	738	1	737	0.000E+00	1405
851	851	1.000	746	0	0	1	746	1	746	0.000E+00	1544
851	34	1.000	737	0	0	10	746	1	737	0.000E+00	1524
880	880	1.000	754	0	0	1	754	1	754	0.000E+00	1560
557	557	1.000	759	0	0	1	759	1	759	0.000E+00	1513
771	771	1.000	743	0	0	1	743	1	743	0.000E+00	1514
771	655	1.000	743	0	0	1	743	1	743	0.000E+00	1514
802	802	1.000	743	0	0	1	743	1	743	0.000E+00	1539
962	962	1.000	753	0	0	1	753	1	753	0.000E+00	1553
1026	1026	1.000	756	0	0	1	756	1	756	0.000E+00	1574
1026	413	1.000	755	0	0	1	755	1	755	0.000E+00	1572
1026	748	1.000	634	0	0	1	634	1	634	0.000E+00	1322
202	202	1.000	750	0	0	1	750	1	750	0.000E+00	1554
418	418	1.000	755	0	0	1	755	1	755	0.000E+00	1553
459	459	1.000	455	0	0	1	455	1	455	1.262E-308	933
488	488	1.000	754	0	0	1	754	1	754	0.000E+00	1582
516	516	1.000	740	0	0	1	740	1	740	0.000E+00	1528
545	545	1.000	758	0	0	1	758	1	758	0.000E+00	1564
574	574	1.000	758	0	0	1	758	1	758	0.000E+00	1592
574	760	1.000	757	0	0	2	758	1	757	0.000E+00	1590
801	801	1.000	737	0	0	1	737	1	737	0.000E+00	1526
961	961	1.000	744	0	0	1	744	1	744	0.000E+00	1532
106	106	1.000	746	0	0	1	746	1	746	0.000E+00	1539
135	135	1.000	759	0	0	1	759	1	759	0.000E+00	1564
164	164	1.000	754	0	0	1	754	1	754	0.000E+00	1551
570	570	1.000	768	0	0	1	768	1	768	0.000E+00	1602
6	6	1.000	741	0	0	1	741	1	741	0.000E+00	1517
628	628	1.000	750	0	0	1	750	1	750	0.000E+00	1540
657	657	1.000	748	0	0	1	748	1	748	0.000E+00	1563
686	686	1.000	745	0	0	1	745	1	745	0.000E+00	1542
112	112	1.000	756	0	0	1	756	1	756	0.000E+00	1559
141	141	1.000	441	0	0	1	441	1	441	1.226E-295	895
170	170	1.000	762	0	0	1	762	1	762	0.000E+00	1568
2	2	1.000	755	0	0	1	755	1	755	0.000E+00	1577
2	799	0.942	751	44	0	1	751	1	751	0.000E+00	1499
2	798	0.917	751	62	0	1	751	1	751	0.000E+00	1468
257	257	1.000	744	0	0	1	744	1	744	0.000E+00	1541
24	24	1.000	760	0	0	1	760	1	760	0.000E+00	1586
269	269	1.000	445	0	0	1	445	1	445	1.795E-297	900
298	298	1.000	745	0	0	1	745	1	745	0.000E+00	1537
326	326	1.000	753	0	0	1	753	1	753	0.000E+00	1558
326	997	1.000	751	0	0	1	751	1	751	0.000E+00	1554
38	38	1.000	766	0	0	1	766	1	766	0.000E+00	1589
408	408	1.000	746	0	0	1	746	1	746	0.000E+00	1542
466	466	1.000	751	0	0	1	751	1	751	0.000E+00	1545
495	495	1.000	755	0	0	1	755	1	755	0.000E+00	1557
523	523	1.000	755	0	0	1	755	1	755	0.000E+00	1555
523	835	1.000	755	0	0	1	755	1	755	0.000E+00	1555
523	873	0.984	755	12	0	1	755	1	755	0.000E+00	1538
332	332	1.000	746	0	0	1	746	1	746	0.000E+00	1540
552	552	1.000	739	0	0	1	739	1	739	0.000E+00	1514
581	581	1.000	750	0	0	1	750	1	750	0.000E+00	1541
61	61	1.000	468	0	0	1	468	1	468	5.689E-314	949
639	639	1.000	751	0	0	1	751	1	751	0.000E+00	1547
668	668	1.000	755	0	0	1	755	1	755	0.000E+00	1555
204	204	1.000	754	0	0	1	754	1	754	0.000E+00	1546
233	233	1.000	742	0	0	1	742	1	742	0.000E+00	1555
262	262	1.000	467	0	0	1	467	1	467	4.570E-309	935
291	291	1.000	741	0	0	1	741	1	741	0.000E+00	1523
32	32	1.000	755	0	0	1	755	1	755	0.000E+00	1545
586	586	1.000	744	0	0	1	744	1	744	0.000E+00	1532
614	614	1.000	750	0	0	1	750	1	750	0.000E+00	1552
643	643	1.000	753	0	0	1	753	1	753	0.000E+00	1560
643	1033	0.950	751	38	0	1	751	1	751	0.000E+00	1493
672	672	1.000	752	0	0	1	752	1	752	0.000E+00	1573
73	73	1.000	448	0	0	1	448	1	448	2.065E-297	900
662	662	1.000	752	0	0	1	752	1	752	0.000E+00	1559
691	691	1.000	749	0	0	1	749	1	749	0.000E+00	1559
72	72	1.000	752	0	0	1	752	1	752	0.000E+00	1542
78	78	1.000	447	0	0	1	447	1	447	2.909E-301	911
853	853	1.000	753	0	0	1	753	1	753	0.000E+00	1574
853	869	0.924	752	57	0	1	752	1	752	0.000E+00	1480
853	786	0.919	744	60	0	1	744	1	744	0.000E+00	1459
853	852	0.913	749	65	0	1	749	1	749	0.000E+00	1457
853	127	0.905	749	71	0	1	749	1	749	0.000E+00	1448
520	520	1.000	747	0	0	1	747	1	747	0.000E+00	1538
55	55	1.000	449	0	0	1	449	1	449	2.114E-300	909
579	579	1.000	746	0	0	1	746	1	746	0.000E+00	1543
607	607	1.000	741	0	0	1	741	1	741	0.000E+00	1515
247	247	1.000	747	0	0	1	747	1	747	0.000E+00	1536
276	276	1.000	450	0	0	1	450	1	450	3.270E-304	920
304	304	1.000	448	0	0	1	448	1	448	4.273E-298	902
362	362	1.000	457	0	0	1	457	1	457	3.383E-301	912
391	391	1.000	738	0	0	1	738	1	738	0.000E+00	1498
338	338	1.000	755	0	0	1	755	1	755	0.000E+00	1560
404	404	1.000	470	0	0	1	470	1	470	7.762E-313	946
433	433	1.000	746	0	0	1	746	1	746	0.000E+00	1543
433	1023	1.000	746	0	0	1	746	1	746	0.000E+00	1543
462	462	1.000	455	0	0	1	455	1	455	7.034E-303	916
491	491	1.000	754	0	0	1	754	1	754	0.000E+00	1560
349	349	1.000	475	0	0	1	475	1	475	9.083E-309	934
378	378	1.000	752	0	0	1	752	1	752	0.000E+00	1566
406	406	1.000	747	0	0	1	747	1	747	0.000E+00	1543
435	435	1.000	740	0	0	1	740	1	740	0.000E+00	1528
464	464	1.000	456	0	0	1	456	1	456	1.113E-303	919
630	630	1.000	752	0	0	1	752	1	752	0.000E+00	1542
959	959	1.000	749	0	0	1	749	1	749	0.000E+00	1527
132	132	1.000	748	0	0	1	748	1	748	0.000E+00	1559
161	161	1.000	753	0	0	1	753	1	753	0.000E+00	1555
190	190	1.000	449	0	0	1	449	1	449	6.311E-308	930
163	163	1.000	468	0	0	1	468	1	468	5.161E-313	946
192	192	1.000	765	0	0	1	765	1	765	0.000E+00	1589
220	220	1.000	448	0	0	1	448	1	448	9.049E-296	895
25	25	1.000	747	0	0	1	747	1	747	0.000E+00	1551
279	279	1.000	755	0	0	1	755	1	755	0.000E+00	1538
279	887	0.909	750	68	0	1	750	1	750	0.000E+00	1410
571	571	1.000	741	0	0	1	741	1	741	0.000E+00	1521
181	181	1.000	450	0	0	1	450	1	450	9.275E-305	921
21	21	1.000	753	0	0	1	753	1	753	0.000E+00	1571
21	805	0.902	635	62	0	116	750	1	635	0.000E+00	1232
239	239	1.000	449	0	0	1	449	1	449	4.935E-299	905
268	268	1.000	753	0	0	1	753	1	753	0.000E+00	1550
102	102	1.000	750	0	0	1	750	1	750	0.000E+00	1562
13	13	1.000	745	0	0	1	745	1	745	0.000E+00	1534
159	159	1.000	744	0	0	1	744	1	744	0.000E+00	1527
188	188	1.000	444	0	0	1	444	1	444	1.519E-299	906
216	216	1.000	762	0	0	1	762	1	762	0.000E+00	1571
50	50	1.000	754	0	0	1	754	1	754	0.000E+00	1570
339	339	1.000	738	0	0	1	738	1	738	0.000E+00	1518
368	368	1.000	484	0	0	1	484	1	484	0.000E+00	994
397	397	1.000	737	0	0	1	737	1	737	0.000E+00	1529
425	425	1.000	473	0	0	1	473	1	473	5.241E-314	949
454	454	1.000	755	0	0	1	755	1	755	0.000E+00	1564
482	482	1.000	744	0	0	1	744	1	744	0.000E+00	1525
510	510	1.000	746	0	0	1	746	1	746	0.000E+00	1552
54	54	1.000	753	0	0	1	753	1	753	0.000E+00	1548
569	569	1.000	756	0	0	1	756	1	756	0.000E+00	1557
598	598	1.000	752	0	0	1	752	1	752	0.000E+00	1531
709	709	1.000	751	0	0	1	751	1	751	0.000E+00	1543
738	738	1.000	745	0	0	1	745	1	745	0.000E+00	1534
738	901	1.000	745	0	0	1	745	1	745	0.000E+00	1534
80	80	1.000	746	0	0	1	746	1	746	0.000E+00	1541
90	90	1.000	745	0	0	1	745	1	745	0.000E+00	1532
113	113	1.000	749	0	0	1	749	1	749	0.000E+00	1521
620	620	1.000	753	0	0	1	753	1	753	0.000E+00	1559
65	65	1.000	445	0	0	1	445	1	445	1.795E-297	900
679	679	1.000	752	0	0	1	752	1	752	0.000E+00	1540
707	707	1.000	741	0	0	1	741	1	741	0.000E+00	1544
707	930	1.000	741	0	0	1	741	1	741	0.000E+00	1544
736	736	1.000	745	0	0	1	745	1	745	0.000E+00	1552
109	109	1.000	754	0	0	1	754	1	754	0.000E+00	1566
138	138	1.000	446	0	0	1	446	1	446	5.213E-301	910
167	167	1.000	762	0	0	1	762	1	762	0.000E+00	1568
196	196	1.000	445	0	0	1	445	1	445	1.795E-297	900
224	224	1.000	444	0	0	1	444	1	444	5.356E-299	904
559	559	1.000	751	0	0	1	751	1	751	0.000E+00	1571
588	588	1.000	762	0	0	1	762	1	762	0.000E+00	1568
616	616	1.000	751	0	0	1	751	1	751	0.000E+00	1561
674	674	1.000	745	0	0	1	745	1	745	0.000E+00	1525
702	702	1.000	784	0	0	1	784	1	784	0.000E+00	1623
702	922	1.000	784	0	0	1	784	1	784	0.000E+00	1623
907	907	1.000	742	0	0	1	742	1	742	0.000E+00	1532
907	897	1.000	742	0	0	1	742	1	742	0.000E+00	1532
907	735	1.000	742	0	0	1	742	1	742	0.000E+00	1532
907	874	0.998	742	1	0	1	742	1	742	0.000E+00	1532
907	875	0.994	742	4	0	1	742	1	742	0.000E+00	1525
967	967	1.000	751	0	0	1	751	1	751	0.000E+00	1560
967	121	0.997	751	2	0	1	751	1	751	0.000E+00	1555
967	947	0.942	749	43	0	1	749	1	749	0.000E+00	1483
111	111	1.000	758	0	0	1	758	1	758	0.000E+00	1552
111	1037	0.996	758	3	0	1	758	1	758	0.000E+00	1546
140	140	1.000	448	0	0	1	448	1	448	8.024E-298	901
17	17	1.000	462	0	0	1	462	1	462	2.979E-307	929
290	290	1.000	753	0	0	1	753	1	753	0.000E+00	1562
319	319	1.000	450	0	0	1	450	1	450	2.165E-303	917
319	405	0.914	443	38	0	1	443	1	442	8.273E-278	844
348	348	1.000	743	0	0	1	743	1	743	0.000E+00	1517
377	377	1.000	466	0	0	1	466	1	466	2.636E-320	967
434	434	1.000	752	0	0	1	752	1	752	0.000E+00	1552
200	200	1.000	744	0	0	1	744	1	744	0.000E+00	1535
23	23	1.000	756	0	0	1	756	1	756	0.000E+00	1568
288	288	1.000	752	0	0	1	752	1	752	0.000E+00	1561
316	316	1.000	748	0	0	1	748	1	748	0.000E+00	1541
345	345	1.000	760	0	0	1	760	1	760	0.000E+00	1586
659	659	1.000	745	0	0	1	745	1	745	0.000E+00	1540
688	688	1.000	752	0	0	1	752	1	752	0.000E+00	1563
807	807	1.000	749	0	0	1	749	1	749	0.000E+00	1563
85	85	1.000	756	0	0	1	756	1	756	0.000E+00	1564
879	879	1.000	750	0	0	1	750	1	750	0.000E+00	1562
315	315	1.000	452	0	0	1	452	1	452	3.257E-303	917
344	344	1.000	747	0	0	1	747	1	747	0.000E+00	1542
344	902	1.000	745	0	0	1	745	1	745	0.000E+00	1538
373	373	1.000	746	0	0	1	746	1	746	0.000E+00	1547
401	401	1.000	477	0	0	1	477	1	477	4.447E-323	976
430	430	1.000	481	0	0	1	481	1	481	2.063E-320	968
254	254	1.000	445	0	0	1	445	1	445	1.078E-295	895
283	283	1.000	761	0	0	1	761	1	761	0.000E+00	1569
311	311	1.000	753	0	0	1	753	1	753	0.000E+00	1560
340	340	1.000	473	0	0	1	473	1	473	8.728E-316	955
37	37	1.000	752	0	0	1	752	1	752	0.000E+00	1560
66	66	1.000	449	0	0	1	449	1	449	4.477E-298	902
689	689	1.000	742	0	0	1	742	1	742	0.000E+00	1543
717	717	1.000	739	0	0	1	739	1	739	0.000E+00	1523
777	777	1.000	752	0	0	1	752	1	752	0.000E+00	1544
777	1046	0.997	752	2	0	1	752	1	752	0.000E+00	1542
777	250	0.997	752	2	0	1	752	1	752	0.000E+00	1542
696	696	1.000	755	0	0	1	755	1	755	0.000E+00	1563
724	724	1.000	751	0	0	1	751	1	751	0.000E+00	1546
755	755	1.000	752	0	0	1	752	1	752	0.000E+00	1558
755	759	0.990	752	8	0	1	752	1	752	0.000E+00	1538
755	243	0.990	750	7	0	2	751	1	750	0.000E+00	1534
755	989	0.992	512	4	0	241	752	1	512	0.000E+00	1064
784	784	1.000	747	0	0	1	747	1	747	0.000E+00	1566
784	1020	0.998	747	1	0	1	747	1	747	0.000E+00	1565
784	893	0.998	747	1	0	1	747	1	747	0.000E+00	1564
784	208	0.997	739	2	0	2	740	1	739	0.000E+00	1545
829	829	1.000	501	0	0	1	501	1	501	0.000E+00	1042
416	416	1.000	457	0	0	1	457	1	457	4.112E-303	917
