1	1	1.000	374	0	0	1	374	1	374	2.224E-256	777
1	330	0.981	374	7	0	1	374	1	374	3.201E-250	760
1056	1056	1.000	499	0	0	1	499	1	499	0.000E+00	1015
1087	1087	1.000	363	0	0	1	363	1	363	6.275E-246	747
1118	1118	1.000	379	0	0	1	379	1	379	1.066E-259	787
1118	1634	0.960	379	15	0	1	379	1	379	1.732E-251	764
1118	391	0.955	379	17	0	1	379	1	379	2.154E-250	760
1118	1116	0.952	379	18	0	1	379	1	379	7.595E-250	759
1118	600	0.952	379	18	0	1	379	1	379	1.426E-249	758
1118	1633	0.947	379	20	0	1	379	1	379	9.446E-249	756
1118	1155	0.899	379	38	0	1	379	1	379	4.552E-235	716
1118	1119	0.932	356	24	0	24	379	1	356	5.790E-231	704
1148	1148	1.000	368	0	0	1	368	1	368	4.427E-253	767
1148	112	0.953	368	17	0	1	368	1	368	1.853E-244	743
1148	1223	0.956	367	16	0	1	367	1	367	3.479E-244	742
1148	1518	0.945	368	20	0	1	368	1	368	4.768E-244	741
1148	1102	0.942	368	21	0	1	368	1	368	2.304E-243	739
1148	1152	0.942	368	21	0	1	368	1	368	1.114E-242	737
1148	1788	0.940	368	22	0	1	368	1	368	2.092E-242	737
1148	1207	0.934	368	24	0	1	368	1	368	8.327E-240	729
1148	900	0.923	368	28	0	1	368	1	368	2.937E-239	728
1148	1787	0.929	368	26	0	1	368	1	368	5.515E-239	727
1148	926	0.926	368	27	0	1	368	1	368	7.558E-239	726
1148	904	0.926	368	27	0	1	368	1	368	7.558E-239	726
1148	970	0.926	368	27	0	1	368	1	368	7.558E-239	726
1148	990	0.926	368	27	0	1	368	1	368	1.036E-238	726
1148	966	0.926	368	27	0	1	368	1	368	2.665E-238	725
1148	969	0.926	368	27	0	1	368	1	368	2.665E-238	725
1148	909	0.926	368	27	0	1	368	1	368	2.665E-238	725
1148	1441	0.923	368	28	0	1	368	1	368	1.288E-237	723
1148	1444	0.921	368	29	0	1	368	1	368	3.315E-237	722
1148	962	0.921	368	29	0	1	368	1	368	3.315E-237	722
1148	903	0.921	368	29	0	1	368	1	368	3.315E-237	722
1148	965	0.915	368	31	0	1	368	1	368	7.742E-236	718
1148	905	0.915	368	31	0	1	368	1	368	7.742E-236	718
1148	906	0.915	368	31	0	1	368	1	368	7.742E-236	718
1148	967	0.915	368	31	0	1	368	1	368	7.742E-236	718
1148	907	0.915	368	31	0	1	368	1	368	7.742E-236	718
1148	968	0.915	368	31	0	1	368	1	368	7.742E-236	718
1148	910	0.915	368	31	0	1	368	1	368	7.742E-236	718
1148	971	0.915	368	31	0	1	368	1	368	7.742E-236	718
1148	972	0.915	368	31	0	1	368	1	368	7.742E-236	718
1148	973	0.915	368	31	0	1	368	1	368	7.742E-236	718
1148	975	0.915	368	31	0	1	368	1	368	7.742E-236	718
1148	976	0.915	368	31	0	1	368	1	368	7.742E-236	718
1148	977	0.915	368	31	0	1	368	1	368	7.742E-236	718
1148	1146	0.915	368	31	0	1	368	1	368	7.742E-236	718
1148	908	0.904	368	35	0	1	368	1	368	1.992E-235	717
1148	974	0.917	365	30	0	1	365	1	365	1.319E-234	714
1148	957	0.904	368	35	0	1	368	1	368	8.737E-234	712
1148	1216	0.904	368	35	0	1	368	1	368	8.737E-234	712
1148	890	0.904	367	35	0	1	367	1	367	3.081E-233	710
1148	996	0.904	367	35	0	1	367	1	367	3.081E-233	710
1148	1208	0.872	368	47	0	1	368	1	368	2.089E-229	699
1148	978	0.918	357	29	0	1	357	1	357	3.923E-229	698
1148	1003	0.866	368	49	0	1	368	1	368	3.230E-227	693
1148	898	0.913	323	28	0	46	368	8	330	6.163E-211	646
1148	1224	0.902	319	31	0	1	319	1	319	5.406E-200	614
1436	1436	1.000	483	0	0	1	483	1	483	0.000E+00	996
147	147	1.000	342	0	0	1	342	1	342	1.639E-226	689
147	941	0.991	342	3	0	1	342	1	342	1.851E-224	683
1605	1605	1.000	477	0	0	1	477	1	477	3.817E-319	964
1605	1604	0.951	476	23	0	1	476	1	476	7.099E-306	926
1605	1603	0.941	477	28	0	1	477	1	477	1.362E-302	917
1665	1665	1.000	475	0	0	1	475	1	475	2.964E-323	976
1728	1728	1.000	448	0	0	1	448	1	448	4.959E-300	908
1372	1372	1.000	490	0	0	1	490	1	490	0.000E+00	994
1401	1401	1.000	376	0	0	1	376	1	376	3.266E-259	786
1434	1434	1.000	347	0	0	1	347	1	347	2.390E-234	712
1535	1535	1.000	482	0	0	1	482	1	482	0.000E+00	994
1185	1185	1.000	478	0	0	1	478	1	478	1.589E-316	957
125	125	1.000	335	0	0	1	335	1	335	6.920E-228	693
128	128	1.000	461	0	0	1	461	1	461	1.976E-323	976
1340	1340	1.000	521	0	0	1	521	1	521	0.000E+00	1062
1340	1514	0.974	508	13	0	14	521	1	508	0.000E+00	1016
1340	1507	0.921	508	40	0	14	521	1	508	1.138E-318	966
1375	1375	1.000	363	0	0	1	363	1	363	1.149E-248	754
1455	1455	1.000	405	0	0	1	405	1	405	1.073E-279	846
1455	778	0.883	405	47	0	1	405	1	405	2.256E-251	765
223	223	1.000	351	0	0	1	351	1	351	5.963E-235	714
223	668	0.977	348	8	0	1	348	1	348	2.496E-226	689
252	252	1.000	442	0	0	1	442	1	442	8.155E-308	930
31	31	1.000	455	0	0	1	455	1	455	8.201E-318	959
339	339	1.000	377	0	0	1	377	1	377	8.808E-259	784
1900	1900	1.000	334	0	0	1	334	1	334	4.154E-233	708
220	220	1.000	556	0	0	1	556	1	556	0.000E+00	1135
25	25	1.000	366	0	0	1	366	1	366	1.172E-250	760
279	279	1.000	493	0	0	1	493	1	493	0.000E+00	1016
307	307	1.000	393	0	0	1	393	1	393	4.040E-253	769
307	1035	0.982	392	7	0	1	392	1	392	7.045E-249	757
307	553	0.971	381	11	0	1	380	1	381	2.932E-240	732
307	1820	0.971	381	11	0	1	380	1	381	2.932E-240	732
307	939	0.943	386	22	0	1	384	1	386	5.221E-233	711
1458	1458	1.000	380	0	0	1	380	1	380	3.844E-262	794
1458	780	0.997	380	1	0	1	380	1	380	9.893E-262	793
425	425	1.000	399	0	0	1	399	1	399	2.341E-251	764
489	489	1.000	488	0	0	1	488	1	488	0.000E+00	989
52	52	1.000	369	0	0	1	369	1	369	2.998E-255	774
52	1918	0.989	366	4	0	4	369	1	366	1.848E-250	760
56	56	1.000	463	0	0	1	463	1	463	0.000E+00	989
535	535	1.000	381	0	0	1	381	1	381	4.129E-259	786
610	610	1.000	375	0	0	1	375	1	375	1.126E-255	775
64	64	1.000	343	0	0	1	343	1	343	2.855E-228	694
880	880	1.000	362	0	0	1	362	1	362	6.595E-247	749
97	97	1.000	495	0	0	1	495	1	495	0.000E+00	1022
1512	1512	1.000	344	0	0	1	344	1	344	3.630E-230	700
1512	871	0.991	344	3	0	1	344	1	344	8.483E-229	696
1512	847	0.994	344	2	0	1	344	1	344	8.483E-229	696
1577	1577	1.000	390	0	0	1	390	1	390	1.741E-262	796
167	167	1.000	378	0	0	1	378	1	378	3.256E-258	783
167	326	1.000	378	0	0	1	378	1	378	3.256E-258	783
1700	1700	1.000	378	0	0	1	378	1	378	8.785E-265	802
1733	1733	1.000	372	0	0	1	372	1	372	1.003E-252	767
1584	1584	1.000	384	0	0	1	384	1	384	6.831E-266	805
1648	1648	1.000	341	0	0	1	341	1	341	7.004E-235	713
1677	1677	1.000	476	0	0	1	476	1	476	6.840E-319	964
1677	1752	0.932	476	32	0	1	476	1	474	4.246E-298	904
1770	1770	1.000	381	0	0	1	381	1	381	1.322E-257	781
18	18	1.000	456	0	0	1	456	1	456	2.750E-316	955
14	14	1.000	316	0	0	1	316	1	316	1.559E-212	647
1166	1166	1.000	494	0	0	1	494	1	494	0.000E+00	990
1361	1361	1.000	356	0	0	1	356	1	356	8.483E-246	746
1361	376	0.909	354	32	0	1	354	1	354	1.009E-224	685
1392	1392	1.000	361	0	0	1	361	1	361	2.276E-243	739
1420	1420	1.000	357	0	0	1	357	1	357	2.239E-235	716
1302	1302	1.000	459	0	0	1	459	1	459	2.938E-312	944
1331	1331	1.000	387	0	0	1	387	1	387	3.535E-261	792
1365	1365	1.000	361	0	0	1	361	1	361	6.293E-247	749
1396	1396	1.000	345	0	0	1	345	1	345	9.549E-233	707
1396	836	0.906	344	32	0	1	344	1	344	3.218E-212	648
1396	1743	0.906	344	32	0	1	344	1	344	4.410E-212	648
1396	842	0.877	344	42	0	1	344	1	344	1.311E-206	632
1396	846	0.877	344	42	0	1	344	1	344	1.797E-206	632
1396	849	0.877	344	42	0	1	344	1	344	1.797E-206	632
1427	1427	1.000	465	0	0	1	465	1	465	1.128E-309	936
395	395	1.000	368	0	0	1	368	1	368	1.255E-253	769
1411	1411	1.000	492	0	0	1	492	1	492	0.000E+00	1022
1411	127	0.928	492	35	0	1	492	1	492	7.103E-315	953
1486	1486	1.000	312	0	0	1	312	1	312	5.019E-213	649
1515	1515	1.000	407	0	0	1	407	1	407	6.273E-280	847
1515	800	0.992	407	3	0	1	407	1	407	7.802E-279	844
1515	1044	0.916	407	34	0	1	407	1	407	1.566E-256	780
1706	1706	1.000	308	0	0	1	308	1	308	3.033E-213	649
1672	1672	1.000	374	0	0	1	374	1	374	2.766E-255	774
1672	369	0.973	374	10	0	1	374	1	374	4.387E-250	759
1672	1800	0.967	374	12	0	1	374	1	374	7.478E-249	756
1672	1045	0.957	374	16	0	1	374	1	374	3.280E-247	751
1672	1025	0.957	374	16	0	1	374	1	374	3.280E-247	751
1705	1705	1.000	502	0	0	1	502	1	502	0.000E+00	1027
1736	1736	1.000	381	0	0	1	381	1	381	3.319E-260	789
1766	1766	1.000	361	0	0	1	361	1	361	4.065E-249	756
1766	773	1.000	361	0	0	1	361	1	361	4.065E-249	756
213	213	1.000	568	0	0	1	568	1	568	0.000E+00	1158
169	169	1.000	363	0	0	1	363	1	363	3.759E-257	779
560	560	1.000	474	0	0	1	474	1	474	6.917E-323	975
6	6	1.000	323	0	0	1	323	1	323	6.589E-217	661
628	628	1.000	372	0	0	1	372	1	372	3.802E-256	777
657	657	1.000	490	0	0	1	490	1	490	0.000E+00	1005
1326	1326	1.000	381	0	0	1	381	1	381	8.540E-247	750
1390	1390	1.000	498	0	0	1	498	1	498	0.000E+00	1024
1419	1419	1.000	378	0	0	1	378	1	378	7.606E-257	779
1453	1453	1.000	357	0	0	1	357	1	357	8.278E-242	734
1453	1534	0.966	357	12	0	1	357	1	357	2.785E-234	713
1453	1456	0.955	357	16	0	1	357	1	357	2.854E-231	704
1522	1522	1.000	481	0	0	1	481	1	481	0.000E+00	985
74	74	1.000	367	0	0	1	367	1	367	1.996E-242	737
1236	1236	1.000	356	0	0	1	356	1	356	4.404E-249	755
1265	1265	1.000	507	0	0	1	507	1	507	0.000E+00	1041
1391	1391	1.000	506	0	0	1	506	1	506	0.000E+00	1027
1391	1253	0.942	506	29	0	1	506	1	505	4.941E-324	980
142	142	1.000	330	0	0	1	330	1	330	7.303E-231	701
145	145	1.000	484	0	0	1	484	1	484	0.000E+00	984
145	440	1.000	484	0	0	1	484	1	484	0.000E+00	984
145	438	0.975	484	12	0	1	484	1	477	2.316E-317	960
145	422	0.956	484	21	0	1	484	1	477	8.528E-311	941
145	456	0.966	471	16	0	14	484	1	464	3.460E-305	925
1491	1491	1.000	504	0	0	1	504	1	504	0.000E+00	1026
152	152	1.000	355	0	0	1	355	1	355	6.842E-241	732
1649	1649	1.000	471	0	0	1	471	1	471	2.106E-319	965
1678	1678	1.000	378	0	0	1	378	1	378	1.428E-256	778
166	166	1.000	463	0	0	1	463	1	463	0.000E+00	992
1410	1410	1.000	354	0	0	1	354	1	354	2.794E-242	736
1410	835	0.991	354	3	0	1	354	1	354	1.680E-240	730
701	701	1.000	381	0	0	1	381	1	381	2.363E-263	798
733	733	1.000	499	0	0	1	499	1	499	0.000E+00	1009
840	840	1.000	473	0	0	1	473	1	473	9.189E-317	957
833	833	1.000	485	0	0	1	485	1	485	0.000E+00	1001
897	897	1.000	354	0	0	1	354	1	354	6.230E-234	711
1034	1034	1.000	364	0	0	1	364	1	364	8.180E-245	743
1034	306	1.000	364	0	0	1	364	1	364	8.180E-245	743
1034	1328	1.000	364	0	0	1	364	1	364	8.180E-245	743
1063	1063	1.000	344	0	0	1	344	1	344	9.534E-240	728
1125	1125	1.000	487	0	0	1	487	1	487	0.000E+00	1001
374	374	1.000	405	0	0	1	405	1	405	5.712E-280	847
374	1330	0.948	405	21	0	1	405	1	405	1.825E-265	805
374	674	0.925	403	30	0	3	405	1	403	3.956E-260	790
374	673	0.918	405	33	0	1	405	1	405	2.680E-256	779
374	1329	0.903	405	39	0	1	405	1	405	1.610E-254	774
206	206	1.000	469	0	0	1	469	1	469	0.000E+00	990
235	235	1.000	353	0	0	1	353	1	353	1.036E-242	737
235	384	0.960	353	14	0	1	353	1	353	4.779E-235	715
264	264	1.000	476	0	0	1	476	1	476	1.561E-320	968
293	293	1.000	500	0	0	1	500	1	500	0.000E+00	1053
1249	1249	1.000	509	0	0	1	509	1	509	0.000E+00	1041
1279	1279	1.000	350	0	0	1	350	1	350	2.007E-234	713
134	134	1.000	505	0	0	1	505	1	505	0.000E+00	1033
134	1823	1.000	505	0	0	1	505	1	505	0.000E+00	1033
1374	1374	1.000	371	0	0	1	371	1	371	2.525E-249	757
1374	850	0.900	370	37	0	1	370	1	370	2.457E-226	691
1403	1403	1.000	479	0	0	1	479	1	479	1.510E-315	954
336	336	1.000	354	0	0	1	354	1	354	1.805E-244	742
615	615	1.000	369	0	0	1	369	1	369	5.773E-252	764
615	1722	0.972	369	10	0	1	369	1	369	6.065E-246	747
712	712	1.000	369	0	0	1	369	1	369	1.194E-252	766
712	714	0.895	363	38	0	1	363	2	364	8.705E-227	692
748	748	1.000	367	0	0	1	367	1	367	8.134E-250	758
777	777	1.000	352	0	0	1	352	1	352	2.489E-232	707
258	258	1.000	486	0	0	1	486	1	486	0.000E+00	993
287	287	1.000	337	0	0	1	337	1	337	1.994E-237	721
315	315	1.000	395	0	0	1	395	1	395	1.605E-262	796
315	1835	1.000	394	0	0	1	394	1	394	7.758E-262	794
442	442	1.000	376	0	0	1	376	1	376	3.597E-260	788
508	508	1.000	485	0	0	1	485	1	485	0.000E+00	994
194	194	1.000	409	0	0	1	409	1	409	1.773E-279	846
194	363	0.903	405	39	0	5	409	1	405	1.937E-254	774
47	47	1.000	452	0	0	1	452	1	452	5.929E-323	974
500	500	1.000	479	0	0	1	479	1	479	0.000E+00	988
533	533	1.000	363	0	0	1	363	1	363	9.472E-247	749
570	570	1.000	375	0	0	1	375	1	375	1.401E-254	772
504	504	1.000	406	0	0	1	406	1	406	1.432E-275	835
504	507	0.953	406	19	0	1	406	1	406	3.257E-264	802
504	510	0.938	406	25	0	1	406	1	406	2.002E-259	788
536	536	1.000	364	0	0	1	364	1	364	2.555E-246	748
573	573	1.000	485	0	0	1	485	1	485	0.000E+00	993
611	611	1.000	366	0	0	1	366	1	366	9.655E-249	755
67	67	1.000	470	0	0	1	470	1	470	2.498E-318	962
67	566	0.925	469	35	0	2	470	1	469	5.477E-297	900
936	936	1.000	373	0	0	1	373	1	373	1.026E-255	775
1621	1621	1.000	364	0	0	1	364	1	364	7.065E-250	758
1681	1681	1.000	350	0	0	1	350	1	350	1.777E-236	719
1681	1086	0.954	350	16	0	1	350	1	350	4.929E-227	691
1745	1745	1.000	378	0	0	1	378	1	378	3.951E-260	788
1902	1902	1.000	353	0	0	1	353	1	353	3.011E-240	730
651	651	1.000	403	0	0	1	403	1	403	7.301E-277	838
72	72	1.000	452	0	0	1	452	1	452	8.188E-300	907
755	755	1.000	478	0	0	1	478	1	478	7.905E-323	975
784	784	1.000	381	0	0	1	381	1	381	1.724E-263	798
829	829	1.000	490	0	0	1	490	1	490	0.000E+00	999
829	819	0.997	490	1	0	1	490	1	490	0.000E+00	997
1555	1555	1.000	365	0	0	1	365	1	365	1.391E-249	757
1555	1556	0.994	365	2	0	1	365	1	365	6.102E-248	752
515	515	1.000	484	0	0	1	484	1	484	0.000E+00	989
555	555	1.000	407	0	0	1	407	1	407	9.703E-278	841
555	1895	0.985	407	6	0	1	407	1	407	4.358E-273	827
555	150	0.985	407	6	0	1	407	1	407	4.358E-273	827
555	349	0.980	407	8	0	1	407	1	407	2.886E-272	825
555	450	0.975	407	10	0	1	407	1	407	3.588E-271	822
589	589	1.000	486	0	0	1	486	1	486	0.000E+00	993
622	622	1.000	369	0	0	1	369	1	369	2.036E-251	763
622	623	0.991	369	3	0	1	369	1	369	6.519E-250	758
318	318	1.000	409	0	0	1	409	1	409	6.234E-266	807
318	1821	1.000	406	0	0	1	406	1	406	1.321E-263	800
351	351	1.000	403	0	0	1	403	1	403	4.181E-281	850
415	415	1.000	372	0	0	1	372	1	372	7.866E-257	779
445	445	1.000	485	0	0	1	485	1	485	0.000E+00	990
479	479	1.000	372	0	0	1	372	1	372	1.477E-256	778
1024	1024	1.000	307	0	0	1	307	1	307	4.072E-210	640
1024	704	0.887	303	34	0	5	307	3	305	4.887E-189	579
393	393	1.000	357	0	0	1	357	1	357	1.756E-239	728
452	452	1.000	373	0	0	1	373	1	373	3.708E-252	765
558	558	1.000	369	0	0	1	369	1	369	1.382E-247	752
597	597	1.000	408	0	0	1	408	1	408	1.733E-276	837
461	461	1.000	483	0	0	1	483	1	483	2.619E-322	974
529	529	1.000	482	0	0	1	482	1	482	0.000E+00	983
633	633	1.000	384	0	0	1	384	1	384	6.671E-256	777
633	358	0.928	334	24	0	51	384	18	349	5.613E-209	641
633	678	0.922	334	26	0	51	384	18	349	3.713E-208	639
633	853	0.919	334	27	0	51	384	18	349	1.186E-206	634
662	662	1.000	347	0	0	1	347	1	347	6.307E-231	702
433	433	1.000	405	0	0	1	405	1	405	3.783E-279	845
1741	1741	1.000	379	0	0	1	379	1	379	2.051E-256	778
180	180	1.000	379	0	0	1	379	1	379	1.145E-263	799
19	19	1.000	338	0	0	1	338	1	338	5.014E-233	708
219	219	1.000	557	0	0	1	557	1	557	0.000E+00	1140
120	120	1.000	473	0	0	1	473	1	473	1.976E-323	977
120	612	0.944	468	26	0	5	472	3	470	3.989E-302	915
120	613	0.929	468	33	0	5	472	4	471	7.653E-299	906
120	428	0.925	469	35	0	5	473	4	472	1.437E-298	905
120	429	0.912	470	41	0	3	472	1	470	3.039E-296	898
126	126	1.000	489	0	0	1	489	1	489	0.000E+00	1005
1290	1290	1.000	487	0	0	1	487	1	487	0.000E+00	1002
149	149	1.000	516	0	0	1	516	1	516	0.000E+00	1031
149	1686	0.994	516	3	0	1	516	1	516	0.000E+00	1024
171	171	1.000	537	0	0	1	537	1	537	0.000E+00	1066
1755	1755	1.000	469	0	0	1	469	1	469	2.212E-314	950
1755	1676	0.925	454	34	0	1	454	1	450	8.783E-283	859
686	686	1.000	383	0	0	1	383	1	383	9.382E-260	788
720	720	1.000	371	0	0	1	371	1	371	4.742E-249	756
720	721	0.997	371	1	0	1	371	1	371	2.292E-248	754
756	756	1.000	346	0	0	1	346	1	346	4.503E-228	694
785	785	1.000	373	0	0	1	373	1	373	4.390E-257	779
1930	1930	1.000	381	0	0	1	381	1	381	1.322E-257	781
1930	646	1.000	380	0	0	2	381	1	380	4.661E-257	780
1930	1670	0.981	380	7	0	2	381	1	380	2.871E-252	766
1930	787	0.976	380	9	0	2	381	1	380	2.605E-251	763
1930	1454	0.900	380	38	0	2	381	1	376	4.994E-235	716
221	221	1.000	417	0	0	1	417	1	417	2.709E-286	866
221	1802	1.000	400	0	0	18	417	1	400	6.949E-273	827
221	1809	1.000	400	0	0	18	417	1	400	6.949E-273	827
221	1803	1.000	376	0	0	42	417	1	376	2.744E-257	782
221	1812	1.000	376	0	0	42	417	1	376	2.744E-257	782
221	1756	1.000	376	0	0	42	417	1	376	2.744E-257	782
221	1780	0.994	376	2	0	42	417	1	376	9.672E-257	781
221	1530	0.994	376	2	0	42	417	1	376	9.672E-257	781
221	402	0.994	376	2	0	42	417	1	376	1.816E-256	780
221	1797	0.994	376	2	0	42	417	1	376	4.672E-256	779
221	1586	0.994	376	2	0	42	417	1	376	4.672E-256	779
221	360	0.994	376	2	0	42	417	1	376	1.202E-255	778
221	1537	0.992	376	3	0	42	417	1	376	2.257E-255	777
221	1796	0.992	376	3	0	42	417	1	376	2.257E-255	777
221	1136	0.992	376	3	0	42	417	1	376	2.257E-255	777
221	1659	0.922	376	29	0	42	417	1	376	8.670E-243	741
221	327	0.925	375	28	0	42	416	1	375	1.628E-242	740
221	1321	0.920	376	30	0	42	417	1	376	1.628E-242	740
221	642	0.917	376	31	0	42	417	1	376	1.628E-242	740
221	1398	0.925	375	28	0	42	416	1	375	1.628E-242	740
221	1531	0.925	375	28	0	42	416	1	375	1.628E-242	740
221	443	0.922	376	29	0	42	417	1	376	4.187E-242	739
221	1914	0.922	375	29	0	42	416	1	375	5.737E-242	738
221	333	0.922	375	29	0	42	416	1	375	5.737E-242	738
221	1778	0.922	375	29	0	42	416	1	375	5.737E-242	738
221	444	0.920	376	30	0	42	417	1	376	5.737E-242	738
221	639	0.920	376	30	0	42	417	1	376	7.861E-242	738
221	640	0.922	375	29	0	42	416	1	375	1.077E-241	737
221	1346	0.914	376	32	0	42	417	1	376	2.022E-241	737
221	1801	0.922	375	29	0	42	416	1	375	2.022E-241	737
221	1759	0.914	375	32	0	42	416	1	375	5.201E-241	736
221	1324	0.914	375	32	0	42	416	1	375	5.201E-241	736
221	1810	0.914	375	32	0	42	416	1	375	5.201E-241	736
221	585	0.914	375	32	0	42	416	1	375	5.201E-241	736
221	437	0.909	376	34	0	42	417	1	376	2.512E-240	734
221	709	0.914	375	32	0	42	416	1	375	2.512E-240	734
221	1267	0.914	375	32	0	42	416	1	375	3.442E-240	733
221	1673	0.912	375	33	0	42	416	1	375	3.442E-240	733
221	1417	0.912	375	33	0	42	416	1	375	6.461E-240	732
221	1595	0.909	375	34	0	42	416	1	375	8.853E-240	732
221	1452	0.909	375	34	0	42	416	1	375	1.662E-239	731
221	1592	0.935	339	22	0	78	416	1	339	1.215E-223	685
250	250	1.000	446	0	0	1	446	1	446	7.520E-302	913
28	28	1.000	466	0	0	1	466	1	466	1.968E-311	942
308	308	1.000	384	0	0	1	384	1	384	1.673E-271	822
782	782	1.000	376	0	0	1	376	1	376	4.475E-259	785
621	621	1.000	483	0	0	1	483	1	483	0.000E+00	1002
1485	1485	1.000	316	0	0	1	316	1	316	8.522E-210	640
158	158	1.000	474	0	0	1	474	1	474	0.000E+00	1011
1643	1643	1.000	324	0	0	1	324	1	324	4.910E-220	670
109	109	1.000	369	0	0	1	369	1	369	4.757E-250	759
1120	1120	1.000	507	0	0	1	507	1	507	0.000E+00	1030
1186	1186	1.000	366	0	0	1	366	1	366	2.941E-253	768
122	122	1.000	335	0	0	1	335	1	335	1.431E-228	695
1281	1281	1.000	507	0	0	1	507	1	507	0.000E+00	1033
325	325	1.000	496	0	0	1	496	1	496	0.000E+00	1009
1904	1904	1.000	390	0	0	1	390	1	390	7.277E-267	809
1904	200	0.941	390	23	0	1	390	1	390	1.124E-251	765
196	196	1.000	486	0	0	1	486	1	486	0.000E+00	991
224	224	1.000	432	0	0	1	432	1	432	1.081E-305	923
253	253	1.000	510	0	0	1	510	1	510	0.000E+00	1003
226	226	1.000	390	0	0	1	390	1	390	7.443E-251	762
226	1826	0.953	388	18	0	1	388	1	384	7.404E-238	725
255	255	1.000	487	0	0	1	487	1	487	0.000E+00	1004
255	1837	1.000	487	0	0	1	487	1	487	0.000E+00	1004
284	284	1.000	483	0	0	1	483	1	483	0.000E+00	1015
312	312	1.000	467	0	0	1	467	1	467	1.275E-319	965
312	1627	1.000	463	0	0	5	467	1	463	5.069E-317	958
312	1674	0.989	463	5	0	5	467	1	463	2.222E-315	953
312	375	0.989	463	5	0	5	467	1	463	5.716E-315	952
312	1344	0.982	463	8	0	5	467	1	463	1.828E-313	947
41	41	1.000	348	0	0	1	348	1	348	2.331E-230	701
41	1474	1.000	347	0	0	1	347	1	347	2.900E-229	698
1337	1337	1.000	408	0	0	1	408	1	408	1.148E-275	835
617	617	1.000	487	0	0	1	487	1	487	0.000E+00	998
75	75	1.000	534	0	0	1	534	1	534	0.000E+00	1068
779	779	1.000	486	0	0	1	486	1	486	0.000E+00	999
820	820	1.000	485	0	0	1	485	1	485	0.000E+00	992
236	236	1.000	469	0	0	1	469	1	469	2.439E-315	953
265	265	1.000	512	0	0	1	512	1	512	0.000E+00	1071
294	294	1.000	451	0	0	1	451	1	451	6.466E-311	939
322	322	1.000	396	0	0	1	396	1	396	6.865E-270	818
322	1813	1.000	395	0	0	1	395	1	395	3.318E-269	816
390	390	1.000	357	0	0	1	357	1	357	1.192E-235	717
390	827	0.937	336	21	0	22	357	1	336	1.794E-210	644
390	1296	0.937	336	21	0	22	357	1	336	1.794E-210	644
390	1683	0.937	336	21	0	22	357	1	336	1.794E-210	644
562	562	1.000	352	0	0	1	352	1	352	2.742E-233	709
177	177	1.000	367	0	0	1	367	1	367	9.826E-265	801
1897	1897	1.000	399	0	0	1	399	1	399	5.108E-272	824
1897	119	0.977	399	9	0	1	399	1	393	9.132E-265	803
1926	1926	1.000	441	0	0	1	441	1	441	2.671E-297	899
1926	1928	0.904	438	42	0	3	440	1	438	6.763E-271	823
217	217	1.000	552	0	0	1	552	1	552	0.000E+00	1131
300	300	1.000	361	0	0	1	361	1	361	9.985E-242	734
300	1889	1.000	358	0	0	1	358	1	358	5.450E-239	726
300	762	0.949	357	18	0	1	357	1	357	6.617E-228	694
300	1892	0.921	357	28	0	1	357	1	357	4.702E-218	666
300	760	0.915	357	30	0	1	357	1	357	2.061E-216	661
33	33	1.000	307	0	0	1	307	1	307	2.451E-208	635
366	366	1.000	407	0	0	1	407	1	407	4.468E-283	856
457	457	1.000	381	0	0	1	381	1	381	5.136E-258	782
457	458	0.997	381	1	0	1	381	1	381	5.136E-258	782
492	492	1.000	509	0	0	1	509	1	509	0.000E+00	1043
492	609	0.931	509	35	0	1	509	1	509	0.000E+00	983
186	186	1.000	397	0	0	1	397	1	397	1.721E-265	805
186	758	0.984	396	6	0	1	396	1	396	1.989E-260	790
186	1539	0.979	395	8	0	1	395	1	395	6.364E-259	786
186	757	0.979	396	8	0	1	396	1	396	6.364E-259	786
186	759	0.972	396	11	0	1	396	1	396	4.214E-258	784
186	1540	0.977	396	9	0	1	396	1	396	5.775E-258	783
186	1832	0.964	396	14	0	1	396	1	396	5.240E-257	781
186	931	0.974	395	10	0	1	395	1	395	1.676E-255	776
186	761	0.957	396	17	0	1	396	1	396	3.551E-253	769
1083	1083	1.000	411	0	0	1	411	1	411	1.037E-279	847
1144	1144	1.000	491	0	0	1	491	1	491	0.000E+00	1003
118	118	1.000	355	0	0	1	355	1	355	3.913E-245	744
1369	1369	1.000	361	0	0	1	361	1	361	2.831E-242	736
1124	1124	1.000	477	0	0	1	477	1	477	1.976E-323	977
1124	1319	0.989	477	5	0	1	477	1	477	1.635E-320	968
1285	1285	1.000	366	0	0	1	366	1	366	1.064E-249	758
1316	1316	1.000	497	0	0	1	497	1	497	0.000E+00	1009
138	138	1.000	554	0	0	1	554	1	554	0.000E+00	1128
1482	1482	1.000	466	0	0	1	466	1	466	4.490E-313	946
54	54	1.000	448	0	0	1	448	1	448	6.373E-322	971
1542	1542	1.000	381	0	0	1	381	1	381	1.171E-259	787
101	101	1.000	481	0	0	1	481	1	481	0.000E+00	1010
107	107	1.000	390	0	0	1	390	1	390	2.329E-265	804
116	116	1.000	463	0	0	1	463	1	463	0.000E+00	989
706	706	1.000	372	0	0	1	372	1	372	9.332E-249	755
739	739	1.000	508	0	0	1	508	1	508	0.000E+00	1043
809	809	1.000	512	0	0	1	512	1	512	0.000E+00	1038
845	845	1.000	343	0	0	1	343	1	343	2.295E-229	698
879	879	1.000	350	0	0	1	350	1	350	1.957E-237	721
361	361	1.000	379	0	0	1	379	1	379	3.329E-261	792
175	175	1.000	464	0	0	1	464	1	464	0.000E+00	1001
1779	1779	1.000	473	0	0	1	473	1	473	1.117E-318	963
1906	1906	1.000	314	0	0	1	314	1	314	1.009E-215	657
198	198	1.000	463	0	0	1	463	1	463	0.000E+00	985
1078	1078	1.000	384	0	0	1	384	1	384	1.057E-263	799
1139	1139	1.000	382	0	0	1	382	1	382	2.041E-261	792
1139	1305	1.000	382	0	0	1	382	1	382	2.041E-261	792
1139	1431	0.910	381	34	0	1	381	1	380	1.285E-240	732
1139	934	0.903	382	37	0	1	382	1	381	5.634E-239	728
1139	922	0.910	381	34	0	1	381	1	380	1.058E-238	727
1171	1171	1.000	378	0	0	1	378	1	378	1.120E-260	790
1171	1379	0.908	373	34	0	6	377	2	374	9.912E-237	721
1171	1349	0.903	373	36	0	6	377	2	374	9.912E-237	721
1171	1261	0.900	373	37	0	6	377	2	374	1.014E-233	712
1239	1239	1.000	396	0	0	1	396	1	396	1.088E-264	803
1268	1268	1.000	384	0	0	1	384	1	384	1.315E-262	796
928	928	1.000	370	0	0	1	370	1	370	1.557E-251	763
857	857	1.000	406	0	0	1	406	1	406	6.280E-274	830
919	919	1.000	370	0	0	1	370	1	370	1.715E-252	766
919	918	0.994	370	2	0	1	370	1	370	8.291E-252	764
919	713	0.981	370	7	0	1	370	1	370	6.201E-249	756
948	948	1.000	374	0	0	1	374	1	374	1.623E-256	778
98	98	1.000	444	0	0	1	444	1	444	9.191E-318	959
95	95	1.000	383	0	0	1	383	1	383	1.348E-266	807
981	981	1.000	479	0	0	1	479	1	479	0.000E+00	990
981	1137	0.933	479	32	0	1	479	1	479	1.578E-309	937
981	144	0.926	479	35	0	1	479	1	479	2.687E-308	933
981	647	0.926	479	35	0	1	479	1	479	2.687E-308	933
1000	1000	1.000	368	0	0	1	368	1	368	1.562E-252	766
1000	1211	0.997	368	1	0	1	368	1	368	5.508E-252	764
1000	988	0.994	368	2	0	1	368	1	368	3.648E-251	762
1000	915	0.989	368	4	0	1	368	1	368	1.168E-249	758
1000	1209	0.980	368	7	0	1	368	1	368	1.991E-248	754
1000	985	0.972	368	10	0	1	368	1	368	3.082E-246	748
1000	913	0.970	368	11	0	1	368	1	368	1.352E-244	743
1000	997	0.967	368	12	0	1	368	1	368	6.534E-244	741
1000	1222	1.000	352	0	0	1	352	1	352	1.011E-241	735
1000	887	0.951	368	18	0	1	368	1	368	1.257E-240	732
1000	1212	0.981	328	6	0	41	368	1	328	1.760E-224	685
1000	959	0.989	292	3	0	77	368	1	292	2.318E-201	618
103	103	1.000	359	0	0	1	359	1	359	4.820E-255	773
1059	1059	1.000	360	0	0	1	360	1	360	4.181E-240	730
1383	1383	1.000	367	0	0	1	367	1	367	6.702E-248	752
320	320	1.000	361	0	0	1	361	1	361	4.478E-250	758
320	783	1.000	360	0	0	2	361	1	360	2.165E-249	756
320	1234	1.000	360	0	0	2	361	1	360	2.165E-249	756
320	816	0.991	360	3	0	2	361	1	360	1.784E-247	751
320	1529	0.915	357	30	0	5	361	4	360	1.876E-228	696
389	389	1.000	379	0	0	1	379	1	379	1.609E-260	790
418	418	1.000	406	0	0	1	406	1	406	3.964E-279	845
513	513	1.000	310	0	0	1	310	1	310	1.240E-206	630
775	775	1.000	364	0	0	1	364	1	364	2.003E-250	760
85	85	1.000	374	0	0	1	374	1	374	3.791E-255	774
883	883	1.000	348	0	0	1	348	1	348	2.504E-234	712
940	940	1.000	387	0	0	1	387	1	387	1.975E-268	813
940	323	0.892	382	41	0	2	383	3	384	1.828E-238	726
940	1830	0.892	382	41	0	2	383	3	384	1.828E-238	726
940	1352	0.887	382	43	0	2	383	3	384	5.304E-236	719
105	105	1.000	468	0	0	1	468	1	468	5.989E-315	952
195	195	1.000	498	0	0	1	498	1	498	0.000E+00	1071
1283	1283	1.000	354	0	0	1	354	1	354	1.113E-239	728
1343	1343	1.000	405	0	0	1	405	1	405	1.620E-280	849
1378	1378	1.000	371	0	0	1	371	1	371	6.185E-255	773
1407	1407	1.000	351	0	0	1	351	1	351	1.574E-231	704
1407	1600	1.000	351	0	0	1	351	1	351	1.574E-231	704
1312	1312	1.000	373	0	0	1	373	1	373	5.598E-253	767
1341	1341	1.000	345	0	0	1	345	1	345	5.084E-233	708
1341	319	1.000	345	0	0	1	345	1	345	5.084E-233	708
1341	810	0.994	345	2	0	1	345	1	345	2.458E-232	706
1341	855	0.991	345	3	0	1	345	1	345	1.188E-231	704
1341	856	0.973	345	9	0	1	345	1	345	3.136E-228	694
1341	1650	0.913	345	30	0	1	345	1	345	2.292E-215	657
1376	1376	1.000	359	0	0	1	359	1	359	3.445E-245	744
1376	170	1.000	359	0	0	1	359	1	359	3.445E-245	744
1376	1919	1.000	359	0	0	1	359	1	359	3.445E-245	744
1376	1240	1.000	359	0	0	1	359	1	359	3.445E-245	744
1376	1030	0.997	359	1	0	1	359	1	359	1.215E-244	743
1376	1031	0.997	359	1	0	1	359	1	359	1.215E-244	743
1376	766	0.997	359	1	0	1	359	1	359	1.215E-244	743
1376	767	0.997	359	1	0	1	359	1	359	1.215E-244	743
1376	1715	0.997	359	1	0	1	359	1	359	1.215E-244	743
1376	765	0.997	359	1	0	1	359	1	359	2.282E-244	742
1376	1822	0.991	359	3	0	1	359	1	359	1.881E-242	736
1376	768	0.983	359	6	0	1	359	1	359	1.246E-241	734
1376	769	0.983	359	6	0	1	359	1	359	1.246E-241	734
1376	771	0.983	359	6	0	1	359	1	359	1.246E-241	734
1376	607	0.966	359	12	0	1	359	1	359	2.399E-238	724
1376	1921	0.961	359	14	0	1	359	1	359	1.052E-236	720
1376	772	0.927	359	26	0	1	359	1	359	2.844E-230	701
1376	774	0.930	359	25	0	1	359	1	359	7.319E-230	700
1376	770	0.930	359	25	0	1	359	1	359	1.375E-229	699
1376	1765	0.927	359	26	0	1	359	1	359	4.847E-229	698
1439	1439	1.000	496	0	0	1	496	1	496	0.000E+00	1035
1439	1082	0.989	496	5	0	1	496	1	496	0.000E+00	1028
1471	1471	1.000	383	0	0	1	383	1	383	5.916E-265	803
656	656	1.000	401	0	0	1	401	1	401	1.279E-273	829
81	81	1.000	385	0	0	1	385	1	385	4.627E-268	812
88	88	1.000	486	0	0	1	486	1	486	0.000E+00	996
1077	1077	1.000	368	0	0	1	368	1	368	1.034E-251	764
1108	1108	1.000	351	0	0	1	351	1	351	4.793E-236	717
1108	1109	0.917	350	29	0	1	350	1	350	6.268E-216	659
929	929	1.000	382	0	0	1	382	1	382	2.041E-261	792
929	466	0.924	382	29	0	1	382	1	381	3.923E-245	745
99	99	1.000	378	0	0	1	378	1	378	3.029E-254	771
1069	1069	1.000	480	0	0	1	480	1	480	1.235E-322	975
113	113	1.000	351	0	0	1	351	1	351	5.783E-251	760
1159	1159	1.000	360	0	0	1	360	1	360	1.971E-242	736
852	852	1.000	396	0	0	1	396	1	396	8.747E-266	806
100	100	1.000	355	0	0	1	355	1	355	9.614E-238	722
100	894	0.929	354	25	0	1	354	1	354	2.303E-220	672
1029	1029	1.000	362	0	0	1	362	1	362	2.112E-245	745
1089	1089	1.000	405	0	0	1	405	1	405	9.972E-276	835
115	115	1.000	347	0	0	1	347	1	347	5.308E-239	726
165	165	1.000	460	0	0	1	460	1	460	1.349E-310	939
1712	1712	1.000	335	0	0	1	335	1	335	9.483E-228	692
1742	1742	1.000	492	0	0	1	492	1	492	0.000E+00	993
190	190	1.000	327	0	0	1	327	1	327	3.916E-226	687
22	22	1.000	367	0	0	1	367	1	367	3.082E-253	768
1509	1509	1.000	504	0	0	1	504	1	504	0.000E+00	1017
1754	1754	1.000	466	0	0	1	466	1	466	4.073E-312	944
1754	1247	0.997	466	1	0	1	466	1	466	1.968E-311	942
1754	1121	0.952	464	22	0	2	465	1	461	1.639E-293	890
201	201	1.000	405	0	0	1	405	1	405	5.851E-277	839
230	230	1.000	359	0	0	1	359	1	359	6.634E-242	735
230	1771	0.991	355	3	0	1	355	1	355	7.680E-237	720
230	1831	0.921	355	28	0	1	355	1	355	1.477E-220	673
26	26	1.000	479	0	0	1	479	1	479	4.941E-324	978
1071	1071	1.000	427	0	0	1	427	1	427	3.397E-290	878
110	110	1.000	369	0	0	1	369	1	369	4.757E-250	759
1201	1201	1.000	340	0	0	1	340	1	340	1.994E-229	698
1201	1202	0.997	340	1	0	1	340	1	340	5.132E-229	696
1292	1292	1.000	404	0	0	1	404	1	404	5.067E-276	836
1323	1323	1.000	365	0	0	1	365	1	365	2.745E-243	739
1347	1347	1.000	359	0	0	1	359	1	359	3.128E-244	741
1347	1382	1.000	359	0	0	1	359	1	359	3.128E-244	741
87	87	1.000	463	0	0	1	463	1	463	0.000E+00	988
899	899	1.000	367	0	0	1	367	1	367	1.683E-250	760
1065	1065	1.000	381	0	0	1	381	1	381	2.422E-260	789
1128	1128	1.000	378	0	0	1	378	1	378	1.910E-259	786
1128	1721	0.906	374	35	0	1	374	1	374	5.279E-237	722
1128	740	0.898	374	38	0	1	374	1	374	3.577E-233	711
1128	886	0.893	374	40	0	1	374	1	374	3.245E-232	708
1128	1022	0.890	375	41	0	1	372	1	375	1.568E-231	706
1435	1435	1.000	332	0	0	1	332	1	332	1.660E-231	703
1469	1469	1.000	380	0	0	1	380	1	380	2.609E-258	783
1469	1920	1.000	380	0	0	1	380	1	380	2.609E-258	783
1469	288	1.000	380	0	0	1	380	1	380	2.609E-258	783
1469	1122	0.989	380	4	0	1	380	1	380	2.150E-256	778
1469	1255	0.984	380	6	0	1	380	1	380	5.533E-256	777
1469	1230	0.984	380	6	0	1	380	1	380	5.533E-256	777
1469	1038	0.986	380	5	0	1	380	1	380	7.582E-256	776
1469	407	0.986	380	5	0	1	380	1	380	7.582E-256	776
1469	409	0.986	380	5	0	1	380	1	380	1.039E-255	776
1469	1142	0.986	380	5	0	1	380	1	380	1.039E-255	776
1469	1698	0.981	380	7	0	1	380	1	380	1.951E-255	775
1469	1037	0.984	380	6	0	1	380	1	380	1.951E-255	775
1469	1687	0.984	380	6	0	1	380	1	380	1.951E-255	775
1469	1734	0.981	380	7	0	1	380	1	380	2.674E-255	775
1469	404	0.981	380	7	0	1	380	1	380	2.674E-255	775
1469	405	0.981	380	7	0	1	380	1	380	2.674E-255	775
1469	1140	0.981	380	7	0	1	380	1	380	2.674E-255	775
1469	1036	0.978	380	8	0	1	380	1	380	6.882E-255	773
1469	406	0.981	380	7	0	1	380	1	380	6.882E-255	773
1469	408	0.978	380	8	0	1	380	1	380	6.882E-255	773
1469	911	0.984	380	6	0	1	380	1	380	6.882E-255	773
1469	1229	0.981	380	7	0	1	380	1	380	9.430E-255	773
1469	572	0.984	380	6	0	1	380	1	380	9.430E-255	773
1469	1231	0.978	380	8	0	1	380	1	380	1.771E-254	772
1469	1141	0.978	380	8	0	1	380	1	380	1.771E-254	772
1469	1297	0.981	380	7	0	1	380	1	380	3.326E-254	771
1469	730	0.971	380	11	0	1	380	1	380	7.768E-253	767
1469	1684	0.971	380	11	0	1	380	1	380	7.768E-253	767
1469	943	0.971	380	11	0	1	380	1	380	7.768E-253	767
1469	1143	0.976	380	9	0	1	380	1	380	1.065E-252	767
1469	403	0.971	380	11	0	1	380	1	380	1.459E-252	767
1469	1929	0.965	380	13	0	1	380	1	380	3.407E-251	763
1469	824	0.968	315	10	0	1	315	1	315	1.228E-205	631
1506	1506	1.000	484	0	0	1	484	1	484	0.000E+00	985
1570	1570	1.000	344	0	0	1	344	1	344	2.583E-233	709
1570	1049	0.979	344	7	0	1	344	1	344	6.190E-229	696
1664	1664	1.000	371	0	0	1	371	1	371	5.898E-248	753
1664	1747	0.991	371	3	0	1	371	1	371	1.888E-246	749
1334	1334	1.000	396	0	0	1	396	1	396	3.390E-253	769
1334	874	0.957	396	17	0	1	396	1	391	2.458E-240	732
1115	1115	1.000	377	0	0	1	377	1	377	2.058E-257	781
1180	1180	1.000	351	0	0	1	351	1	351	8.778E-239	725
1274	1274	1.000	480	0	0	1	480	1	480	0.000E+00	982
137	137	1.000	360	0	0	1	360	1	360	1.660E-250	760
137	1911	1.000	359	0	0	1	359	1	359	8.023E-250	758
137	377	0.988	359	4	0	1	359	1	359	1.128E-246	749
137	1565	0.988	359	4	0	1	359	1	359	1.128E-246	749
137	367	0.986	359	5	0	1	359	1	359	3.977E-246	747
137	1415	0.986	359	5	0	1	359	1	359	3.977E-246	747
137	1020	0.955	359	16	0	1	359	1	359	2.514E-238	724
137	1019	0.944	359	20	0	1	359	1	359	6.630E-235	715
137	1447	0.944	359	20	0	1	359	1	359	1.245E-234	714
137	1325	0.941	359	21	0	1	359	1	359	4.391E-234	712
137	1468	0.919	359	29	0	1	359	1	359	4.609E-228	695
137	606	0.905	358	34	0	2	359	1	358	4.720E-225	686
274	274	1.000	542	0	0	1	542	1	542	0.000E+00	1116
302	302	1.000	353	0	0	1	353	1	353	6.520E-248	752
40	40	1.000	470	0	0	1	470	1	470	8.807E-318	960
40	38	0.906	470	44	0	1	470	1	470	3.782E-290	880
43	43	1.000	489	0	0	1	489	1	489	0.000E+00	994
459	459	1.000	377	0	0	1	377	1	377	3.595E-253	768
1262	1262	1.000	476	0	0	1	476	1	476	6.670E-322	972
251	251	1.000	536	0	0	1	536	1	536	0.000E+00	1097
280	280	1.000	494	0	0	1	494	1	494	0.000E+00	1014
309	309	1.000	321	0	0	1	321	1	321	2.951E-226	687
338	338	1.000	377	0	0	1	377	1	377	2.267E-258	783
238	238	1.000	511	0	0	1	511	1	511	0.000E+00	1014
238	1833	1.000	511	0	0	1	511	1	511	0.000E+00	1014
267	267	1.000	296	0	0	1	296	1	296	7.350E-215	653
296	296	1.000	383	0	0	1	383	1	383	8.713E-269	814
324	324	1.000	461	0	0	1	461	1	461	3.152E-315	952
36	36	1.000	350	0	0	1	350	1	350	5.981E-229	697
1541	1541	1.000	349	0	0	1	349	1	349	9.028E-237	719
295	295	1.000	529	0	0	1	529	1	529	0.000E+00	1090
420	420	1.000	405	0	0	1	405	1	405	2.445E-281	851
239	239	1.000	386	0	0	1	386	1	386	4.189E-247	751
268	268	1.000	523	0	0	1	523	1	523	0.000E+00	1069
297	297	1.000	432	0	0	1	432	1	432	8.486E-310	935
218	218	1.000	540	0	0	1	540	1	540	0.000E+00	1108
247	247	1.000	473	0	0	1	473	1	473	0.000E+00	1001
304	304	1.000	499	0	0	1	499	1	499	0.000E+00	1029
304	1405	0.915	488	41	0	12	499	1	488	2.338E-310	940
304	1725	0.915	488	41	0	12	499	1	488	2.338E-310	940
304	1622	0.933	449	30	0	51	499	4	452	1.963E-289	880
37	37	1.000	463	0	0	1	463	1	463	2.175E-307	930
401	401	1.000	378	0	0	1	378	1	378	1.177E-254	773
401	587	0.922	376	29	0	1	376	1	375	2.261E-238	726
401	2	0.904	378	36	0	1	378	1	377	1.532E-234	715
401	331	0.906	376	35	0	1	376	1	375	3.943E-234	713
65	65	1.000	455	0	0	1	455	1	455	6.094E-302	914
68	68	1.000	375	0	0	1	375	1	375	3.194E-256	777
718	718	1.000	504	0	0	1	504	1	504	0.000E+00	1019
753	753	1.000	508	0	0	1	508	1	508	0.000E+00	1035
753	1145	0.942	508	29	0	1	508	1	507	0.000E+00	985
753	1243	0.938	508	31	0	1	508	1	507	6.917E-323	977
1190	1190	1.000	373	0	0	1	373	1	373	2.640E-255	774
1286	1286	1.000	348	0	0	1	348	1	348	4.270E-233	709
1381	1381	1.000	357	0	0	1	357	1	357	7.515E-241	732
1381	1358	1.000	357	0	0	1	357	1	357	7.515E-241	732
141	141	1.000	298	0	0	1	298	1	298	1.342E-216	658
1484	1484	1.000	324	0	0	1	324	1	324	6.271E-216	658
734	734	1.000	323	0	0	1	323	1	323	5.983E-216	658
882	882	1.000	366	0	0	1	366	1	366	5.141E-249	756
94	94	1.000	370	0	0	1	370	1	370	4.007E-251	762
94	1026	1.000	369	0	0	1	369	1	369	1.937E-250	760
108	108	1.000	385	0	0	1	385	1	385	2.236E-267	810
1110	1110	1.000	363	0	0	1	363	1	363	5.044E-247	750
135	135	1.000	383	0	0	1	383	1	383	9.155E-263	796
1489	1489	1.000	352	0	0	1	352	1	352	3.575E-239	726
155	155	1.000	455	0	0	1	455	1	455	3.187E-318	960
1646	1646	1.000	390	0	0	1	390	1	390	9.051E-266	805
1675	1675	1.000	362	0	0	1	362	1	362	1.655E-249	757
176	176	1.000	309	0	0	1	309	1	309	5.059E-208	634
764	764	1.000	506	0	0	1	506	1	506	0.000E+00	1031
839	839	1.000	491	0	0	1	491	1	491	0.000E+00	1020
872	872	1.000	344	0	0	1	344	1	344	9.344E-230	699
93	93	1.000	383	0	0	1	383	1	383	1.224E-265	805
1424	1424	1.000	371	0	0	1	371	1	371	6.985E-253	767
1599	1599	1.000	376	0	0	1	376	1	376	7.820E-255	773
1658	1658	1.000	354	0	0	1	354	1	354	2.303E-240	730
1720	1720	1.000	493	0	0	1	493	1	493	0.000E+00	1003
1751	1751	1.000	499	0	0	1	499	1	499	0.000E+00	1008
228	228	1.000	316	0	0	1	316	1	316	2.292E-216	659
1508	1508	1.000	351	0	0	1	351	1	351	1.359E-236	719
1572	1572	1.000	367	0	0	1	367	1	367	2.249E-253	768
1666	1666	1.000	329	0	0	1	329	1	329	3.641E-221	673
1697	1697	1.000	360	0	0	1	360	1	360	7.284E-249	755
1697	1757	1.000	360	0	0	1	360	1	360	7.284E-249	755
1697	627	0.983	360	6	0	1	360	1	360	7.470E-246	746
1697	1467	0.977	360	8	0	1	360	1	360	9.293E-245	743
1697	813	0.975	360	9	0	1	360	1	360	8.437E-244	740
1697	1466	0.927	359	26	0	1	359	1	359	3.986E-233	709
1697	1350	0.924	359	27	0	1	359	1	359	6.793E-232	706
1697	368	0.919	359	29	0	1	359	1	359	2.396E-231	704
1697	938	0.922	359	28	0	1	359	1	359	3.283E-231	704
1697	1828	0.922	359	28	0	1	359	1	359	4.499E-231	704
1697	1494	0.919	359	29	0	1	359	1	359	1.158E-230	702
1697	1923	0.910	359	32	0	1	359	1	359	1.625E-227	693
1697	556	0.918	355	29	0	5	359	4	358	2.227E-227	693
1697	641	0.893	358	38	0	2	359	1	358	5.732E-227	692
561	561	1.000	482	0	0	1	482	1	482	0.000E+00	992
60	60	1.000	462	0	0	1	462	1	462	5.435E-323	975
658	658	1.000	491	0	0	1	491	1	491	0.000E+00	1004
698	698	1.000	500	0	0	1	500	1	500	0.000E+00	1014
698	436	0.925	499	37	0	2	500	1	499	2.220E-309	938
726	726	1.000	498	0	0	1	498	1	498	0.000E+00	1022
726	183	0.997	498	1	0	1	498	1	498	0.000E+00	1022
1762	1762	1.000	479	0	0	1	479	1	479	0.000E+00	989
451	451	1.000	365	0	0	1	365	1	365	1.906E-249	757
517	517	1.000	462	0	0	1	462	1	462	1.759E-315	953
557	557	1.000	369	0	0	1	369	1	369	3.558E-247	751
596	596	1.000	482	0	0	1	482	1	482	0.000E+00	988
262	262	1.000	517	0	0	1	517	1	517	0.000E+00	1084
32	32	1.000	364	0	0	1	364	1	364	4.230E-261	790
754	754	1.000	345	0	0	1	345	1	345	1.516E-227	692
828	828	1.000	356	0	0	1	356	1	356	2.354E-236	719
86	86	1.000	528	0	0	1	528	1	528	0.000E+00	1103
45	45	1.000	360	0	0	1	360	1	360	1.660E-250	760
494	494	1.000	388	0	0	1	388	1	388	1.050E-261	794
564	564	1.000	482	0	0	1	482	1	482	0.000E+00	989
631	631	1.000	354	0	0	1	354	1	354	4.026E-236	718
660	660	1.000	483	0	0	1	483	1	483	0.000E+00	1001
70	70	1.000	333	0	0	1	333	1	333	1.472E-226	689
1123	1123	1.000	362	0	0	1	362	1	362	6.595E-247	749
1189	1189	1.000	371	0	0	1	371	1	371	1.162E-254	772
1189	1188	0.897	371	38	0	1	371	1	370	4.509E-229	698
1284	1284	1.000	367	0	0	1	367	1	367	4.653E-254	770
1408	1408	1.000	494	0	0	1	494	1	494	0.000E+00	1027
1408	677	0.995	494	2	0	1	494	1	494	0.000E+00	1023
1511	1511	1.000	502	0	0	1	502	1	502	0.000E+00	1024
1524	1524	1.000	375	0	0	1	375	1	375	2.064E-258	783
1557	1557	1.000	363	0	0	1	363	1	363	1.575E-248	754
1594	1594	1.000	343	0	0	1	343	1	343	2.341E-239	726
82	82	1.000	364	0	0	1	364	1	364	1.199E-261	792
843	843	1.000	482	0	0	1	482	1	482	0.000E+00	1005
877	877	1.000	363	0	0	1	363	1	363	2.958E-248	753
1043	1043	1.000	363	0	0	1	363	1	363	5.968E-252	764
1074	1074	1.000	369	0	0	1	369	1	369	7.005E-254	770
1074	1076	0.983	369	6	0	1	369	1	369	1.848E-250	760
1104	1104	1.000	482	0	0	1	482	1	482	0.000E+00	990
1104	568	0.932	473	32	0	10	482	9	481	7.358E-304	921
1704	1704	1.000	367	0	0	1	367	1	367	4.653E-254	770
394	394	1.000	358	0	0	1	358	1	358	8.894E-239	726
424	424	1.000	344	0	0	1	344	1	344	6.190E-229	696
488	488	1.000	376	0	0	1	376	1	376	1.915E-260	789
519	519	1.000	405	0	0	1	405	1	405	6.447E-278	841
519	427	0.995	405	2	0	1	405	1	405	1.099E-276	838
519	626	0.896	405	42	0	1	405	1	405	9.666E-253	769
140	140	1.000	471	0	0	1	471	1	471	2.075E-322	974
140	1160	0.901	447	44	0	25	470	13	459	2.077E-277	844
1432	1432	1.000	377	0	0	1	377	1	377	4.153E-261	791
1601	1601	1.000	318	0	0	1	318	1	318	4.856E-213	649
1630	1630	1.000	386	0	0	1	386	1	386	4.402E-267	809
1661	1661	1.000	377	0	0	1	377	1	377	1.207E-258	784
1523	1523	1.000	490	0	0	1	490	1	490	0.000E+00	1007
1293	1293	1.000	351	0	0	1	351	1	351	1.234E-235	716
1389	1389	1.000	329	0	0	1	329	1	329	3.002E-219	668
1492	1492	1.000	371	0	0	1	371	1	371	4.097E-254	771
1520	1520	1.000	488	0	0	1	488	1	488	0.000E+00	1007
1520	487	0.926	487	36	0	2	488	1	487	4.076E-308	933
1520	1576	0.919	487	39	0	2	488	1	487	1.181E-305	926
1520	527	0.919	487	39	0	2	488	1	487	1.181E-305	926
1520	1273	0.911	484	43	0	5	488	5	488	5.825E-302	915
851	851	1.000	361	0	0	1	361	1	361	6.136E-250	758
885	885	1.000	372	0	0	1	372	1	372	3.802E-256	777
1113	1113	1.000	371	0	0	1	371	1	371	1.445E-253	769
1179	1179	1.000	486	0	0	1	486	1	486	0.000E+00	985
1272	1272	1.000	488	0	0	1	488	1	488	0.000E+00	1003
632	632	1.000	496	0	0	1	496	1	496	0.000E+00	1035
632	980	0.892	483	52	0	14	496	14	495	2.968E-301	914
249	249	1.000	538	0	0	1	538	1	538	0.000E+00	1125
278	278	1.000	306	0	0	1	306	1	306	9.329E-206	627
1653	1653	1.000	383	0	0	1	383	1	383	1.167E-258	784
1716	1716	1.000	334	0	0	1	334	1	334	1.049E-222	678
1903	1903	1.000	375	0	0	1	375	1	375	9.976E-258	781
1760	1760	1.000	374	0	0	1	374	1	374	4.716E-254	771
179	179	1.000	444	0	0	1	444	1	444	2.600E-305	923
208	208	1.000	453	0	0	1	453	1	453	1.175E-299	907
237	237	1.000	380	0	0	1	380	1	380	8.980E-261	790
266	266	1.000	433	0	0	1	433	1	433	8.072E-309	932
1753	1753	1.000	378	0	0	1	378	1	378	1.265E-258	784
184	184	1.000	323	0	0	1	323	1	323	2.430E-223	679
184	380	0.933	302	20	0	20	321	2	303	3.366E-197	604
191	191	1.000	454	0	0	1	454	1	454	3.871E-314	949
23	23	1.000	314	0	0	1	314	1	314	1.256E-214	653
463	463	1.000	380	0	0	1	380	1	380	7.952E-263	796
497	497	1.000	489	0	0	1	489	1	489	0.000E+00	1003
53	53	1.000	344	0	0	1	344	1	344	2.717E-227	692
634	634	1.000	476	0	0	1	476	1	476	6.205E-318	961
663	663	1.000	378	0	0	1	378	1	378	7.421E-260	788
92	92	1.000	377	0	0	1	377	1	377	9.465E-263	796
700	700	1.000	369	0	0	1	369	1	369	5.917E-249	756
801	801	1.000	405	0	0	1	405	1	405	1.334E-278	843
84	84	1.000	539	0	0	1	539	1	539	0.000E+00	1098
930	930	1.000	488	0	0	1	488	1	488	0.000E+00	1006
470	470	1.000	384	0	0	1	384	1	384	2.034E-260	790
502	502	1.000	469	0	0	1	469	1	469	9.266E-319	963
534	534	1.000	371	0	0	1	371	1	371	2.916E-257	780
61	61	1.000	398	0	0	1	398	1	398	5.635E-280	847
707	707	1.000	338	0	0	1	338	1	338	2.424E-232	706
157	157	1.000	538	0	0	1	538	1	538	0.000E+00	1115
1663	1663	1.000	334	0	0	1	334	1	334	1.155E-223	681
1726	1726	1.000	473	0	0	1	473	1	473	4.894E-317	958
204	204	1.000	516	0	0	1	516	1	516	0.000E+00	1045
233	233	1.000	495	0	0	1	495	1	495	0.000E+00	989
866	866	1.000	443	0	0	1	443	1	443	3.461E-289	876
866	868	0.977	436	10	0	1	436	1	431	8.636E-279	846
866	884	0.965	440	15	0	1	440	1	430	2.761E-277	842
866	865	0.965	432	15	0	1	432	1	422	1.363E-273	831
895	895	1.000	358	0	0	1	358	1	358	5.605E-244	741
895	736	0.991	358	3	0	1	358	1	358	6.330E-242	735
895	942	0.913	358	31	0	1	358	1	357	1.886E-223	681
923	923	1.000	379	0	0	1	379	1	379	2.490E-258	783
1032	1032	1.000	363	0	0	1	363	1	363	4.261E-242	736
1032	1738	0.966	363	12	0	1	363	1	361	6.922E-234	712
1032	1916	0.947	363	19	0	1	363	1	361	9.716E-231	703
1032	1740	0.944	363	20	0	1	363	1	361	3.427E-230	701
1032	937	0.950	363	18	0	1	363	1	361	3.427E-230	701
1032	1027	0.953	362	17	0	1	362	1	360	4.696E-230	701
1032	1360	0.953	362	17	0	1	362	1	360	4.696E-230	701
1032	1924	0.944	363	20	0	1	363	1	361	6.435E-230	700
1032	136	0.950	362	18	0	1	362	1	360	1.656E-229	699
1032	1836	0.950	362	18	0	1	362	1	360	1.656E-229	699
1032	1315	0.950	362	18	0	1	362	1	360	2.269E-229	699
1032	893	0.947	363	19	0	1	363	1	361	4.261E-229	698
1032	1314	0.947	363	19	0	1	363	1	361	4.261E-229	698
1032	1322	0.950	362	18	0	1	362	1	360	4.261E-229	698
1061	1061	1.000	514	0	0	1	514	1	514	0.000E+00	1043
522	522	1.000	444	0	0	1	444	1	444	2.662E-302	914
1824	1824	1.000	383	0	0	1	383	1	383	6.840E-247	751
214	214	1.000	555	0	0	1	555	1	555	0.000E+00	1135
243	243	1.000	452	0	0	1	452	1	452	2.902E-312	943
272	272	1.000	349	0	0	1	349	1	349	5.831E-239	726
1126	1126	1.000	414	0	0	1	414	1	414	2.656E-284	860
1156	1156	1.000	475	0	0	1	475	1	475	0.000E+00	981
1191	1191	1.000	314	0	0	1	314	1	314	2.358E-214	653
1256	1256	1.000	367	0	0	1	367	1	367	3.160E-250	759
1287	1287	1.000	344	0	0	1	344	1	344	3.214E-232	706
1287	870	0.991	344	3	0	1	344	1	344	1.933E-230	701
242	242	1.000	456	0	0	1	456	1	456	0.000E+00	979
1789	1789	1.000	369	0	0	1	369	1	369	1.224E-249	758
1817	1817	1.000	406	0	0	1	406	1	406	4.368E-280	848
187	187	1.000	432	0	0	1	432	1	432	6.192E-310	935
207	207	1.000	465	0	0	1	465	1	465	1.836E-314	950
1763	1763	1.000	404	0	0	1	404	1	404	2.973E-277	839
192	192	1.000	456	0	0	1	456	1	456	1.960E-319	964
210	210	1.000	477	0	0	1	477	1	477	0.000E+00	985
210	1805	1.000	477	0	0	1	477	1	477	0.000E+00	985
210	441	0.987	477	6	0	1	477	1	477	1.038E-322	975
210	1898	0.911	477	42	0	1	477	1	477	3.579E-299	907
24	24	1.000	459	0	0	1	459	1	459	2.742E-321	970
298	298	1.000	462	0	0	1	462	1	462	2.030E-310	938
799	799	1.000	389	0	0	1	389	1	389	5.067E-267	809
799	1070	0.905	379	36	0	8	386	4	382	1.960E-241	735
799	860	0.901	376	37	0	11	386	7	382	1.204E-236	721
1680	1680	1.000	470	0	0	1	470	1	470	4.691E-318	961
1714	1714	1.000	489	0	0	1	489	1	489	0.000E+00	1007
1714	1438	0.975	489	12	0	1	489	1	488	0.000E+00	980
1901	1901	1.000	406	0	0	1	406	1	406	6.920E-275	833
121	121	1.000	473	0	0	1	473	1	473	0.000E+00	990
1080	1080	1.000	505	0	0	1	505	1	505	0.000E+00	1041
1111	1111	1.000	367	0	0	1	367	1	367	1.139E-259	786
1174	1174	1.000	507	0	0	1	507	1	507	0.000E+00	1038
1241	1241	1.000	468	0	0	1	468	1	468	5.557E-311	940
1270	1270	1.000	484	0	0	1	484	1	484	0.000E+00	985
588	588	1.000	390	0	0	1	390	1	390	3.517E-266	807
63	63	1.000	480	0	0	1	480	1	480	4.941E-324	979
63	1135	0.962	479	18	0	1	479	1	479	2.970E-315	953
659	659	1.000	490	0	0	1	490	1	490	0.000E+00	1010
728	728	1.000	489	0	0	1	489	1	489	0.000E+00	988
8	8	1.000	451	0	0	1	451	1	451	3.198E-307	929
282	282	1.000	475	0	0	1	475	1	475	9.881E-324	977
310	310	1.000	362	0	0	1	362	1	362	1.823E-250	760
310	1913	1.000	358	0	0	5	362	1	358	9.956E-248	752
310	484	0.997	358	1	0	5	362	1	358	3.512E-247	750
310	1587	0.997	349	1	0	14	362	1	349	1.182E-239	728
310	1505	0.955	357	16	0	5	361	1	357	7.103E-238	723
310	751	0.952	357	17	0	5	361	1	357	1.828E-237	722
310	685	0.957	357	15	0	6	362	1	357	8.836E-237	720
310	650	0.946	358	19	0	5	362	1	358	1.506E-235	717
310	1652	0.957	355	15	0	8	362	1	355	1.873E-234	713
310	1632	0.938	357	22	0	6	362	1	357	2.898E-232	707
310	1635	0.926	356	26	0	7	362	1	356	6.932E-228	694
34	34	1.000	370	0	0	1	370	1	370	1.283E-249	758
471	471	1.000	481	0	0	1	481	1	481	0.000E+00	987
503	503	1.000	381	0	0	1	381	1	381	2.422E-260	789
503	528	0.894	378	40	0	3	380	1	378	5.505E-236	719
503	496	0.884	373	43	0	8	380	1	373	2.189E-233	711
503	818	0.881	313	37	0	68	380	1	313	5.966E-195	601
1711	1711	1.000	380	0	0	1	380	1	380	2.609E-258	783
1711	637	0.976	380	9	0	1	380	1	380	2.946E-256	777
1711	1433	0.902	380	37	0	1	380	1	380	6.384E-238	724
1711	702	0.902	380	37	0	1	380	1	380	1.199E-237	724
1711	1651	0.897	380	39	0	1	380	1	380	3.085E-237	722
743	743	1.000	400	0	0	1	400	1	400	1.555E-269	817
811	811	1.000	510	0	0	1	510	1	510	0.000E+00	1037
91	91	1.000	433	0	0	1	433	1	433	1.670E-309	934
1079	1079	1.000	505	0	0	1	505	1	505	0.000E+00	1049
111	111	1.000	351	0	0	1	351	1	351	1.143E-244	742
506	506	1.000	373	0	0	1	373	1	373	2.706E-252	766
538	538	1.000	405	0	0	1	405	1	405	1.099E-276	838
578	578	1.000	482	0	0	1	482	1	482	0.000E+00	990
710	710	1.000	380	0	0	1	380	1	380	8.982E-248	753
745	745	1.000	372	0	0	1	372	1	372	1.105E-253	769
96	96	1.000	459	0	0	1	459	1	459	0.000E+00	981
1066	1066	1.000	381	0	0	1	381	1	381	2.868E-265	803
1129	1129	1.000	382	0	0	1	382	1	382	1.852E-260	790
1129	679	0.934	382	25	0	1	382	1	380	1.010E-244	744
1129	680	0.929	382	27	0	1	382	1	380	9.161E-244	741
1129	1613	0.926	382	28	0	1	382	1	380	3.230E-243	740
1129	569	0.926	382	28	0	1	382	1	380	6.066E-243	739
1129	435	0.926	382	28	0	1	382	1	380	1.139E-242	738
1129	1545	0.913	382	33	0	1	382	1	380	4.531E-240	731
1158	1158	1.000	391	0	0	1	391	1	391	9.257E-269	814
1158	1915	0.941	375	22	0	1	375	1	375	9.212E-243	739
1158	332	0.941	375	22	0	1	375	1	375	9.212E-243	739
1158	133	0.941	375	22	0	1	375	1	375	9.212E-243	739
1158	920	0.933	375	25	0	1	375	1	375	4.451E-242	737
1158	605	0.930	375	26	0	1	375	1	375	2.150E-241	735
1158	1894	0.933	375	25	0	1	375	1	375	7.582E-241	734
1158	480	0.925	375	28	0	1	375	1	375	3.323E-239	729
1158	559	0.914	375	32	0	1	375	1	375	7.755E-238	725
1158	148	0.914	375	32	0	1	375	1	375	7.755E-238	725
1158	1719	0.914	375	32	0	1	375	1	375	7.755E-238	725
1158	1839	0.914	375	32	0	1	375	1	375	7.755E-238	725
1158	1806	0.912	375	33	0	1	375	1	375	9.639E-237	722
1158	478	0.909	375	34	0	1	375	1	375	1.810E-236	721
1158	399	0.904	375	36	0	1	375	1	375	8.743E-236	719
1158	400	0.898	375	38	0	1	375	1	375	3.831E-234	714
1138	1138	1.000	382	0	0	1	382	1	382	7.197E-261	791
1138	379	0.979	382	8	0	1	382	1	382	6.076E-256	777
1138	676	0.965	382	13	0	1	382	1	382	3.652E-254	771
13	13	1.000	391	0	0	1	391	1	391	2.755E-263	798
13	1626	0.959	391	16	0	1	391	1	391	2.160E-254	773
1362	1362	1.000	360	0	0	1	360	1	360	4.492E-244	741
1497	1497	1.000	346	0	0	1	346	1	346	2.641E-229	698
1497	1517	0.969	333	10	0	14	346	1	333	4.510E-215	657
1525	1525	1.000	483	0	0	1	483	1	483	0.000E+00	1002
1737	1737	1.000	390	0	0	1	390	1	390	9.263E-276	834
1737	705	0.930	390	27	0	1	390	1	390	1.784E-259	787
1737	601	0.928	390	28	0	1	390	1	390	3.350E-259	786
1737	1647	0.897	390	40	0	1	390	1	390	4.929E-250	760
1737	1645	0.900	390	39	0	1	390	1	390	1.738E-249	758
1737	781	0.861	390	54	0	1	390	1	390	1.359E-240	733
7	7	1.000	358	0	0	1	358	1	358	1.473E-253	768
73	73	1.000	468	0	0	1	468	1	468	0.000E+00	993
763	763	1.000	509	0	0	1	509	1	509	0.000E+00	1048
80	80	1.000	486	0	0	1	486	1	486	0.000E+00	1024
90	90	1.000	529	0	0	1	529	1	529	0.000E+00	1093
1457	1457	1.000	480	0	0	1	480	1	480	0.000E+00	999
1526	1526	1.000	504	0	0	1	504	1	504	0.000E+00	1032
1559	1559	1.000	311	0	0	1	311	1	311	1.734E-209	638
1596	1596	1.000	353	0	0	1	353	1	353	6.388E-238	723
1624	1624	1.000	503	0	0	1	503	1	503	0.000E+00	1024
417	417	1.000	381	0	0	1	381	1	381	1.258E-263	799
512	512	1.000	360	0	0	1	360	1	360	3.879E-249	756
552	552	1.000	455	0	0	1	455	1	455	3.497E-306	926
62	62	1.000	437	0	0	1	437	1	437	4.358E-291	881
649	649	1.000	536	0	0	1	536	1	536	0.000E+00	1069
1172	1172	1.000	346	0	0	1	346	1	346	1.549E-230	701
124	124	1.000	338	0	0	1	338	1	338	3.409E-229	697
1269	1269	1.000	382	0	0	1	382	1	382	2.248E-262	795
1269	1294	0.916	382	32	0	1	382	1	381	2.357E-243	740
1364	1364	1.000	355	0	0	1	355	1	355	1.717E-243	739
1425	1425	1.000	310	0	0	1	310	1	310	2.869E-218	664
1623	1623	1.000	487	0	0	1	487	1	487	0.000E+00	1004
1654	1654	1.000	405	0	0	1	405	1	405	9.735E-279	844
1654	708	0.930	405	28	0	1	405	1	405	5.421E-260	790
1717	1717	1.000	471	0	0	1	471	1	471	1.264E-317	960
1748	1748	1.000	453	0	0	1	453	1	453	2.271E-309	935
254	254	1.000	405	0	0	1	405	1	405	1.042E-256	780
254	1890	0.997	401	1	0	4	404	1	401	5.148E-253	769
254	1811	0.995	401	2	0	1	401	1	401	2.487E-252	767
254	554	0.970	401	12	0	4	404	1	397	3.564E-246	750
283	283	1.000	296	0	0	1	296	1	296	1.204E-206	629
342	342	1.000	374	0	0	1	374	1	374	2.019E-255	775
439	439	1.000	475	0	0	1	475	1	475	3.409E-322	973
439	291	0.976	475	11	0	1	475	1	475	2.861E-317	959
439	1373	0.979	440	9	0	36	475	1	440	1.200E-292	888
472	472	1.000	483	0	0	1	483	1	483	0.000E+00	992
1205	1205	1.000	331	0	0	1	331	1	331	5.342E-224	681
1258	1258	1.000	500	0	0	1	500	1	500	0.000E+00	1010
1289	1289	1.000	491	0	0	1	491	1	491	0.000E+00	1006
132	132	1.000	384	0	0	1	384	1	384	8.290E-268	811
1384	1384	1.000	353	0	0	1	353	1	353	4.545E-241	732
1164	1164	1.000	412	0	0	1	412	1	412	2.040E-279	846
1204	1204	1.000	478	0	0	1	478	1	478	3.547E-321	970
1235	1235	1.000	491	0	0	1	491	1	491	0.000E+00	1007
1264	1264	1.000	374	0	0	1	374	1	374	5.195E-255	773
1264	1263	0.884	354	41	0	20	373	1	354	1.294E-218	668
1295	1295	1.000	495	0	0	1	495	1	495	0.000E+00	1018
1242	1242	1.000	332	0	0	1	332	1	332	2.396E-225	685
48	48	1.000	309	0	0	1	309	1	309	2.107E-212	647
511	511	1.000	445	0	0	1	445	1	445	8.516E-307	927
511	518	0.963	443	16	0	3	445	1	443	1.251E-297	900
946	946	1.000	471	0	0	1	471	1	471	1.041E-315	954
1117	1117	1.000	355	0	0	1	355	1	355	3.830E-235	715
1182	1182	1.000	365	0	0	1	365	1	365	6.722E-249	755
1182	276	0.996	264	1	0	102	365	1	264	1.698E-180	558
104	104	1.000	368	0	0	1	368	1	368	1.453E-248	754
104	448	0.991	365	3	0	1	365	1	365	3.158E-243	739
104	447	0.983	365	6	0	1	365	1	365	4.886E-241	733
11	11	1.000	459	0	0	1	459	1	459	1.976E-323	976
1200	1200	1.000	331	0	0	1	331	1	331	1.217E-225	686
1260	1260	1.000	487	0	0	1	487	1	487	0.000E+00	987
1291	1291	1.000	487	0	0	1	487	1	487	0.000E+00	993
1502	1502	1.000	315	0	0	1	315	1	315	8.495E-217	660
1532	1532	1.000	507	0	0	1	507	1	507	0.000E+00	1038
163	163	1.000	333	0	0	1	333	1	333	2.384E-231	703
1660	1660	1.000	476	0	0	1	476	1	476	0.000E+00	980
598	598	1.000	356	0	0	1	356	1	356	3.723E-244	741
598	599	0.966	356	12	0	1	356	1	356	2.084E-238	724
655	655	1.000	371	0	0	1	371	1	371	8.083E-248	752
69	69	1.000	330	0	0	1	330	1	330	4.281E-232	705
723	723	1.000	405	0	0	1	405	1	405	9.050E-275	832
832	832	1.000	390	0	0	1	390	1	390	5.441E-264	800
832	509	0.997	390	1	0	1	390	1	390	2.629E-263	798
832	737	0.976	390	9	0	1	390	1	390	6.291E-259	786
832	495	0.971	389	11	0	1	389	1	389	7.100E-257	780
832	505	0.971	389	11	0	1	389	1	389	7.100E-257	780
832	747	0.994	334	2	0	1	334	1	334	3.619E-221	677
652	652	1.000	404	0	0	1	404	1	404	3.879E-270	819
654	654	1.000	381	0	0	1	381	1	381	1.290E-260	790
688	688	1.000	386	0	0	1	386	1	386	7.689E-263	797
722	722	1.000	406	0	0	1	406	1	406	1.739E-277	840
831	831	1.000	477	0	0	1	477	1	477	0.000E+00	980
831	732	0.995	477	2	0	1	477	1	477	9.881E-324	978
831	551	0.991	477	4	0	1	477	1	477	1.038E-322	975
831	1237	0.987	477	6	0	1	477	1	477	4.639E-321	970
1562	1562	1.000	304	0	0	1	304	1	304	1.756E-206	629
16	16	1.000	457	0	0	1	457	1	457	9.877E-306	925
181	181	1.000	473	0	0	1	473	1	473	0.000E+00	1017
20	20	1.000	366	0	0	1	366	1	366	7.569E-253	767
229	229	1.000	375	0	0	1	375	1	375	2.828E-258	783
229	347	0.997	372	1	0	1	372	1	372	7.462E-255	773
229	947	0.991	372	3	0	1	372	1	372	7.462E-255	773
321	321	1.000	402	0	0	1	402	1	402	1.340E-273	829
321	1896	1.000	401	0	0	1	401	1	401	4.727E-273	827
464	464	1.000	344	0	0	1	344	1	344	3.133E-235	715
499	499	1.000	349	0	0	1	349	1	349	3.039E-229	698
530	530	1.000	363	0	0	1	363	1	363	2.213E-245	745
635	635	1.000	480	0	0	1	480	1	480	0.000E+00	984
664	664	1.000	343	0	0	1	343	1	343	1.109E-228	696
146	146	1.000	535	0	0	1	535	1	535	0.000E+00	1096
15	15	1.000	462	0	0	1	462	1	462	0.000E+00	979
1560	1560	1.000	319	0	0	1	319	1	319	1.589E-214	653
1598	1598	1.000	342	0	0	1	342	1	342	2.190E-229	698
172	172	1.000	362	0	0	1	362	1	362	1.178E-252	766
172	410	1.000	362	0	0	1	362	1	362	1.178E-252	766
202	202	1.000	473	0	0	1	473	1	473	1.452E-311	942
231	231	1.000	455	0	0	1	455	1	455	8.794E-309	933
260	260	1.000	368	0	0	1	368	1	368	4.539E-250	759
29	29	1.000	392	0	0	1	392	1	392	5.422E-263	797
29	1421	0.956	391	17	0	1	391	1	391	7.980E-254	771
259	259	1.000	375	0	0	1	375	1	375	1.874E-257	781
259	648	0.956	367	16	0	9	375	1	367	1.368E-244	743
259	475	0.953	367	17	0	9	375	1	367	2.332E-243	740
259	1011	0.948	367	19	0	9	375	1	367	4.379E-243	739
259	1018	0.945	367	20	0	9	375	1	367	8.223E-243	738
259	1210	0.940	367	22	0	9	375	1	367	3.606E-241	734
259	1217	0.929	367	26	0	9	375	1	367	1.272E-240	732
259	1221	0.931	364	25	0	9	372	1	364	1.581E-239	729
259	991	0.926	367	27	0	9	375	1	367	1.581E-239	729
259	992	0.926	367	27	0	9	375	1	367	2.167E-239	728
259	1098	0.926	367	27	0	9	375	1	367	1.784E-237	723
259	1215	0.926	367	27	0	9	375	1	367	1.784E-237	723
259	1233	0.923	367	28	0	9	375	1	367	6.292E-237	721
259	1154	0.912	367	32	0	9	375	1	367	3.041E-236	719
259	1445	0.915	367	31	0	9	375	1	367	7.824E-236	718
259	1150	0.912	367	32	0	9	375	1	367	1.072E-235	718
259	927	0.915	367	31	0	9	375	1	367	1.469E-235	717
259	963	0.915	367	31	0	9	375	1	367	1.469E-235	717
259	993	0.915	367	31	0	9	375	1	367	1.469E-235	717
259	979	0.915	367	31	0	9	375	1	367	1.469E-235	717
259	1007	0.920	367	29	0	9	375	1	367	2.759E-235	717
259	925	0.918	367	30	0	9	375	1	367	3.781E-235	716
259	1009	0.915	367	31	0	9	375	1	367	7.099E-235	715
259	1440	0.907	367	34	0	9	375	1	367	1.333E-234	715
259	337	0.907	367	34	0	9	375	1	367	1.333E-234	715
259	716	0.907	369	34	0	9	375	1	369	1.333E-234	715
259	1010	0.912	367	32	0	9	375	1	367	1.827E-234	714
259	994	0.912	367	32	0	9	375	1	367	1.827E-234	714
259	986	0.915	367	31	0	9	375	1	367	2.503E-234	714
259	901	0.915	367	31	0	9	375	1	367	2.503E-234	714
259	1151	0.907	369	34	0	9	375	1	369	2.503E-234	714
259	1225	0.918	367	30	0	9	375	1	367	4.701E-234	713
259	454	0.904	367	35	0	9	375	1	367	8.827E-234	712
259	1442	0.910	368	33	0	9	375	1	368	8.827E-234	712
259	1099	0.904	367	35	0	9	375	1	367	1.658E-233	711
259	1100	0.904	367	35	0	9	375	1	367	1.658E-233	711
259	1105	0.907	369	34	0	9	375	1	369	1.658E-233	711
259	1308	0.907	369	34	0	9	375	1	369	1.658E-233	711
259	345	0.901	367	36	0	9	375	1	367	2.271E-233	711
259	1232	0.901	367	36	0	9	375	1	367	4.265E-233	710
259	984	0.907	367	34	0	9	375	1	367	5.845E-233	710
259	891	0.904	367	35	0	9	375	1	367	8.009E-233	709
259	983	0.904	367	35	0	9	375	1	367	8.009E-233	709
259	453	0.899	367	37	0	9	375	1	367	8.009E-233	709
259	1001	0.905	369	35	0	9	375	1	369	1.098E-232	709
259	602	0.899	367	37	0	9	375	1	367	2.061E-232	708
259	1214	0.904	367	35	0	9	375	1	367	2.061E-232	708
259	949	0.904	367	35	0	9	375	1	367	3.870E-232	707
259	958	0.899	367	37	0	9	375	1	367	3.870E-232	707
259	902	0.899	367	37	0	9	375	1	367	3.870E-232	707
259	995	0.904	367	35	0	9	375	1	367	3.870E-232	707
259	888	0.901	367	36	0	9	375	1	367	3.870E-232	707
259	1149	0.899	367	37	0	9	375	1	367	5.303E-232	707
259	998	0.896	367	38	0	9	375	1	367	5.303E-232	707
259	914	0.899	367	37	0	9	375	1	367	5.303E-232	707
259	1301	0.899	367	37	0	9	375	1	367	7.267E-232	707
259	1153	0.901	367	36	0	9	375	1	367	9.958E-232	706
259	1304	0.896	367	38	0	9	375	1	367	9.958E-232	706
259	1096	0.899	367	37	0	9	375	1	367	1.365E-231	706
259	1008	0.891	367	40	0	9	375	1	367	1.365E-231	706
259	1097	0.899	367	37	0	9	375	1	367	1.365E-231	706
259	1309	0.899	367	37	0	9	375	1	367	1.365E-231	706
259	1218	0.896	367	38	0	9	375	1	367	2.562E-231	705
259	1335	0.897	369	38	0	9	375	1	369	2.562E-231	705
259	1443	0.891	367	40	0	9	375	1	367	3.511E-231	705
259	964	0.893	367	39	0	9	375	1	367	3.511E-231	705
259	999	0.893	367	39	0	9	375	1	367	3.511E-231	705
259	889	0.893	367	39	0	9	375	1	367	3.511E-231	705
259	917	0.893	367	39	0	9	375	1	367	3.511E-231	705
259	1004	0.896	367	38	0	9	375	1	367	4.811E-231	704
259	1219	0.893	367	39	0	9	375	1	367	6.593E-231	704
259	1213	0.893	367	39	0	9	375	1	367	6.593E-231	704
259	916	0.888	367	41	0	9	375	1	367	9.034E-231	704
259	1002	0.894	369	39	0	9	375	1	369	1.696E-230	703
259	1785	0.894	369	39	0	9	375	1	369	1.696E-230	703
259	1006	0.891	367	40	0	9	375	1	367	3.186E-230	702
259	1786	0.891	369	40	0	9	375	1	369	1.123E-229	700
259	1005	0.888	367	41	0	9	375	1	367	1.539E-229	700
259	961	0.888	369	41	0	9	375	1	369	2.109E-229	700
259	989	0.888	367	41	0	9	375	1	367	5.427E-229	698
259	960	0.888	367	41	0	9	375	1	367	5.427E-229	698
259	987	0.883	369	43	0	9	375	1	369	1.019E-228	698
259	1147	0.874	367	46	0	9	375	1	367	4.466E-227	693
259	346	0.919	322	26	0	54	375	3	324	2.658E-212	650
259	1226	0.934	322	21	0	9	330	1	322	4.526E-211	647
259	1220	0.899	318	32	0	9	326	1	318	5.427E-200	615
316	316	1.000	425	0	0	1	425	1	425	1.016E-298	902
540	540	1.000	374	0	0	1	374	1	374	5.866E-253	767
582	582	1.000	350	0	0	1	350	1	350	8.590E-236	717
616	616	1.000	487	0	0	1	487	1	487	0.000E+00	998
1558	1558	1.000	472	0	0	1	472	1	472	5.806E-316	955
803	803	1.000	508	0	0	1	508	1	508	0.000E+00	1035
841	841	1.000	367	0	0	1	367	1	367	1.087E-252	766
841	1014	0.912	367	32	0	1	367	1	367	1.259E-234	714
841	1013	0.912	366	32	0	1	366	1	366	4.441E-234	713
841	1206	0.912	366	32	0	1	366	1	366	6.086E-234	712
841	1012	0.910	367	33	0	1	367	1	367	6.086E-234	712
841	1015	0.912	366	32	0	1	366	1	366	1.143E-233	711
841	1016	0.907	367	34	0	1	367	1	367	2.146E-233	711
841	281	0.910	367	33	0	1	367	1	367	2.146E-233	711
841	1017	0.899	367	37	0	1	367	1	367	1.170E-230	703
841	1493	0.882	365	43	0	1	365	1	365	2.539E-225	687
875	875	1.000	524	0	0	1	524	1	524	0.000E+00	1046
875	1774	0.992	524	4	0	1	524	1	520	0.000E+00	1034
875	1377	0.990	524	5	0	1	524	1	520	0.000E+00	1032
875	1790	0.990	524	5	0	1	524	1	520	0.000E+00	1032
875	873	0.990	524	5	0	1	524	1	520	0.000E+00	1032
875	1585	0.990	524	5	0	1	524	1	520	0.000E+00	1032
875	1807	0.990	524	5	0	1	524	1	520	0.000E+00	1032
875	356	0.988	524	6	0	1	524	1	520	0.000E+00	1030
875	357	0.988	524	6	0	1	524	1	520	0.000E+00	1030
875	567	0.988	524	6	0	1	524	1	520	0.000E+00	1030
875	355	0.986	524	7	0	1	524	1	520	0.000E+00	1029
875	1597	0.986	524	7	0	1	524	1	520	0.000E+00	1028
875	354	0.984	524	8	0	1	524	1	520	0.000E+00	1027
875	1791	0.986	524	7	0	1	524	1	520	0.000E+00	1026
875	269	0.984	524	8	0	1	524	1	520	0.000E+00	1026
875	1580	0.986	524	7	0	1	524	1	520	0.000E+00	1026
875	359	0.982	524	9	0	1	524	1	516	0.000E+00	1024
875	1772	0.982	524	9	0	1	524	1	516	0.000E+00	1024
875	1792	0.980	524	10	0	1	524	1	516	0.000E+00	1022
875	1773	0.979	524	11	0	1	524	1	516	0.000E+00	1020
875	1563	0.925	524	39	0	1	524	1	524	3.656E-322	976
1072	1072	1.000	506	0	0	1	506	1	506	0.000E+00	1031
1764	1764	1.000	379	0	0	1	379	1	379	1.649E-257	781
211	211	1.000	557	0	0	1	557	1	557	0.000E+00	1135
240	240	1.000	480	0	0	1	480	1	480	0.000E+00	989
27	27	1.000	393	0	0	1	393	1	393	6.734E-268	812
27	892	0.920	391	31	0	2	392	4	392	9.168E-242	736
299	299	1.000	301	0	0	1	301	1	301	1.277E-214	653
55	55	1.000	330	0	0	1	330	1	330	4.203E-222	676
1271	1271	1.000	510	0	0	1	510	1	510	0.000E+00	1031
1271	290	0.985	494	7	0	1	494	1	494	0.000E+00	989
1271	608	0.983	494	8	0	1	494	1	494	0.000E+00	988
1367	1367	1.000	356	0	0	1	356	1	356	1.675E-239	728
1429	1429	1.000	463	0	0	1	463	1	463	6.649E-312	943
1463	1463	1.000	488	0	0	1	488	1	488	0.000E+00	1004
624	624	1.000	355	0	0	1	355	1	355	5.499E-242	735
653	653	1.000	405	0	0	1	405	1	405	8.624E-281	850
687	687	1.000	484	0	0	1	484	1	484	0.000E+00	998
830	830	1.000	403	0	0	1	403	1	403	5.328E-277	839
1060	1060	1.000	376	0	0	1	376	1	376	4.587E-256	777
1276	1276	1.000	485	0	0	1	485	1	485	0.000E+00	1006
805	805	1.000	485	0	0	1	485	1	485	0.000E+00	1004
876	876	1.000	494	0	0	1	494	1	494	0.000E+00	1007
1073	1073	1.000	375	0	0	1	375	1	375	5.998E-256	776
1073	1053	0.994	375	2	0	1	375	1	375	5.445E-255	773
1073	1724	0.984	375	6	0	1	375	1	375	4.072E-252	765
1073	1709	0.969	365	11	0	1	365	1	365	4.825E-244	742
1073	1465	0.969	365	11	0	1	365	1	365	4.825E-244	742
1073	669	0.975	365	9	0	1	365	1	365	1.242E-243	741
1073	1922	0.967	365	12	0	1	365	1	365	1.242E-243	741
1073	305	0.967	365	12	0	1	365	2	366	1.242E-243	741
1073	1553	0.980	363	7	0	1	363	2	364	1.242E-243	741
1073	638	0.983	363	6	0	1	363	1	363	2.332E-243	740
1073	644	0.975	363	9	0	1	363	1	363	6.000E-243	739
1073	481	0.983	360	6	0	3	362	4	363	8.223E-243	738
1073	1311	0.975	363	9	0	3	365	1	363	2.900E-242	737
1073	1696	0.966	363	12	0	3	365	1	363	2.900E-242	737
1073	1132	0.966	363	12	0	3	365	1	363	3.974E-242	736
1073	581	0.972	362	10	0	1	362	1	362	1.920E-241	734
1073	951	0.966	363	12	0	1	363	2	364	2.632E-241	734
1073	1161	0.961	365	14	0	1	365	1	365	4.942E-241	733
1073	671	0.966	363	12	0	1	363	1	363	4.942E-241	733
1073	1910	0.961	363	14	0	3	365	1	363	6.145E-240	730
1073	645	0.953	363	17	0	1	363	1	363	8.421E-240	730
1073	670	0.953	363	17	0	1	363	1	363	1.154E-239	729
1073	1395	0.963	361	13	0	3	363	1	361	1.581E-239	729
1073	1394	0.963	361	13	0	3	363	1	361	4.069E-239	728
1073	881	0.955	362	16	0	1	362	1	362	6.934E-238	724
1073	1393	0.927	372	27	0	3	374	1	372	2.445E-237	722
1073	1133	0.944	363	20	0	1	363	1	363	4.592E-237	722
1073	1554	0.944	362	20	0	1	362	1	362	8.623E-237	721
1073	1303	0.944	363	20	0	1	363	1	363	3.041E-236	719
1073	1551	0.947	362	19	0	1	362	1	362	1.469E-235	717
1073	1134	0.944	363	20	0	1	363	1	363	2.759E-235	717
1073	1042	0.944	362	20	0	1	362	1	362	9.728E-235	715
1073	1131	0.936	363	23	0	1	363	1	363	1.333E-234	715
1073	1679	0.947	361	19	0	3	363	1	361	1.827E-234	714
1073	1731	0.942	363	21	0	1	363	1	363	3.430E-234	713
1073	1327	0.939	363	22	0	1	363	1	363	4.701E-234	713
1073	1750	0.944	361	20	0	3	363	1	361	6.442E-234	713
1073	932	0.928	365	26	0	1	365	1	365	6.442E-234	713
1073	1723	0.933	362	24	0	1	362	1	362	8.827E-234	712
1073	1345	0.936	362	23	0	1	362	1	362	1.210E-233	712
1073	335	0.936	363	23	0	1	363	1	363	3.113E-233	711
1073	161	0.941	361	21	0	3	363	1	361	8.009E-233	709
1073	1571	0.933	361	24	0	3	363	1	361	1.098E-232	709
1073	1552	0.933	361	24	0	3	363	1	361	1.504E-232	709
1073	1054	0.931	363	25	0	1	363	2	364	1.504E-232	709
1073	398	0.939	361	22	0	3	363	1	361	2.824E-232	708
1073	1536	0.936	361	23	0	3	363	1	361	2.562E-231	705
1073	950	0.903	361	35	0	3	363	1	360	3.260E-227	693
1073	1795	0.903	361	35	0	3	363	1	360	6.120E-227	692
1073	421	0.905	360	34	0	3	362	1	359	8.387E-227	692
1073	1843	0.908	360	33	0	3	362	1	359	8.387E-227	692
1073	1794	0.900	360	36	0	3	362	1	359	1.575E-226	691
1073	1907	0.905	360	34	0	3	362	1	359	5.552E-226	690
1073	1842	0.900	360	36	0	3	362	1	359	5.552E-226	690
1073	1841	0.891	360	39	0	3	362	1	359	9.458E-225	686
1163	1163	1.000	363	0	0	1	363	1	363	6.741E-250	758
1163	672	1.000	363	0	0	1	363	1	363	6.741E-250	758
1203	1203	1.000	340	0	0	1	340	1	340	4.230E-227	691
83	83	1.000	320	0	0	1	320	1	320	5.063E-219	666
864	864	1.000	500	0	0	1	500	1	500	0.000E+00	1029
921	921	1.000	484	0	0	1	484	1	484	0.000E+00	982
921	944	0.995	484	2	0	1	484	1	484	9.881E-324	978
921	525	0.979	484	10	0	1	484	1	484	8.804E-321	970
982	982	1.000	381	0	0	1	381	1	381	2.198E-259	786
982	1501	0.908	381	35	0	1	381	1	381	3.231E-237	722
982	486	0.895	381	40	0	1	381	1	381	4.017E-236	719
982	1644	0.895	381	40	0	1	381	1	381	1.941E-235	717
982	1254	0.876	381	47	0	1	381	1	381	3.383E-231	705
982	1385	0.874	381	48	0	1	381	1	381	1.082E-229	701
982	416	0.860	381	53	0	1	381	1	381	3.460E-228	696
982	426	0.863	381	52	0	1	381	1	381	3.538E-225	688
106	106	1.000	490	0	0	1	490	1	490	0.000E+00	993
1543	1543	1.000	344	0	0	1	344	1	344	2.405E-229	698
1543	1162	0.933	344	23	0	1	344	1	344	1.597E-215	658
1579	1579	1.000	360	0	0	1	360	1	360	3.361E-241	733
1579	1496	0.911	360	32	0	1	360	1	360	7.299E-223	680
1579	1495	0.902	360	35	0	1	360	1	360	1.273E-218	668
1642	1642	1.000	464	0	0	1	464	1	464	4.612E-311	940
1671	1671	1.000	483	0	0	1	483	1	483	4.941E-322	973
1173	1173	1.000	505	0	0	1	505	1	505	0.000E+00	1027
618	618	1.000	480	0	0	1	480	1	480	1.744E-316	957
618	1582	0.954	480	22	0	1	480	1	476	5.001E-301	912
750	750	1.000	353	0	0	1	353	1	353	1.766E-241	733
78	78	1.000	368	0	0	1	368	1	368	1.111E-255	775
822	822	1.000	311	0	0	1	311	1	311	2.315E-212	647
1194	1194	1.000	342	0	0	1	342	1	342	2.190E-229	698
77	77	1.000	352	0	0	1	352	1	352	2.543E-242	736
807	807	1.000	324	0	0	1	324	1	324	1.958E-217	662
878	878	1.000	366	0	0	1	366	1	366	1.769E-251	763
935	935	1.000	479	0	0	1	479	1	479	0.000E+00	985
935	117	0.951	479	23	0	1	479	1	479	7.295E-315	952
1165	1165	1.000	358	0	0	1	358	1	358	3.371E-242	736
44	44	1.000	518	0	0	1	518	1	518	0.000E+00	1053
44	802	1.000	502	0	0	17	518	1	502	0.000E+00	1023
44	388	0.970	502	15	0	17	518	1	493	0.000E+00	986
473	473	1.000	362	0	0	1	362	1	362	9.038E-247	749
473	474	0.964	362	13	0	1	362	1	362	1.659E-236	719
473	1767	0.965	351	12	0	12	362	1	351	1.919E-231	705
473	1768	0.954	351	16	0	12	362	1	351	1.966E-228	696
537	537	1.000	345	0	0	1	345	1	345	1.478E-230	701
537	1503	0.961	342	13	0	2	343	1	342	1.055E-220	673
537	924	0.950	343	17	0	2	344	1	343	2.031E-217	663
576	576	1.000	337	0	0	1	337	1	337	9.702E-224	681
71	71	1.000	550	0	0	1	550	1	550	0.000E+00	1093
1370	1370	1.000	345	0	0	1	345	1	345	3.525E-239	726
1400	1400	1.000	363	0	0	1	363	1	363	9.472E-247	749
1602	1602	1.000	499	0	0	1	499	1	499	0.000E+00	1009
1602	1607	0.965	499	17	0	1	499	1	498	1.976E-323	978
1602	1606	0.945	499	27	0	1	499	1	498	1.484E-315	955
1631	1631	1.000	492	0	0	1	492	1	492	0.000E+00	1011
10	10	1.000	293	0	0	1	293	1	293	4.466E-208	633
1028	1028	1.000	362	0	0	1	362	1	362	1.208E-249	757
1028	1051	0.966	362	12	0	1	362	1	362	5.572E-242	735
1028	1052	0.950	362	18	0	1	362	1	361	1.659E-236	719
1028	131	0.946	352	19	0	12	362	1	352	2.694E-228	696
1057	1057	1.000	481	0	0	1	481	1	481	0.000E+00	997
1057	1058	0.991	481	4	0	1	481	1	481	0.000E+00	991
1057	311	0.925	481	36	0	1	481	1	479	1.424E-307	931
1057	749	0.923	481	37	0	1	481	1	480	6.236E-306	927
1057	1516	0.927	481	35	0	1	481	1	481	6.236E-306	927
1057	719	0.912	481	42	0	1	481	1	481	1.062E-304	923
1088	1088	1.000	372	0	0	1	372	1	372	8.064E-254	770
1184	1184	1.000	507	0	0	1	507	1	507	0.000E+00	1035
1685	1685	1.000	374	0	0	1	374	1	374	4.716E-254	771
1685	715	0.991	374	3	0	1	374	1	374	5.866E-253	767
1685	285	0.985	355	5	0	20	374	1	355	4.717E-241	733
1090	1090	1.000	442	0	0	1	442	1	442	1.352E-296	897
1090	1091	0.968	441	14	0	2	442	1	441	1.596E-288	874
1187	1187	1.000	370	0	0	1	370	1	370	4.863E-253	767
1251	1251	1.000	348	0	0	1	348	1	348	6.446E-234	711
1282	1282	1.000	366	0	0	1	366	1	366	1.458E-249	757
1282	102	0.920	366	29	0	1	366	1	366	2.098E-230	702
1282	114	0.898	366	37	0	1	366	1	365	1.949E-226	691
1313	1313	1.000	376	0	0	1	376	1	376	2.383E-259	786
139	139	1.000	487	0	0	1	487	1	487	0.000E+00	1007
1418	1418	1.000	464	0	0	1	464	1	464	6.178E-314	949
162	162	1.000	479	0	0	1	479	1	479	0.000E+00	981
162	1840	1.000	479	0	0	1	479	1	479	0.000E+00	981
168	168	1.000	510	0	0	1	510	1	510	0.000E+00	1042
168	373	0.997	497	1	0	14	510	1	497	0.000E+00	1016
168	1023	0.993	497	3	0	14	510	1	497	0.000E+00	1012
168	1538	0.979	497	10	0	14	510	1	497	0.000E+00	1000
168	1250	0.975	497	12	0	14	510	1	497	0.000E+00	997
168	1628	0.911	497	44	0	16	510	1	497	3.448E-312	946
168	1629	0.907	497	46	0	16	510	1	497	1.215E-311	945
168	1749	0.907	497	46	0	16	510	1	497	2.281E-311	944
168	1695	0.903	497	48	0	16	510	1	497	5.867E-311	943
168	788	0.901	497	49	0	16	510	1	497	2.568E-309	938
168	1310	0.897	497	51	0	16	510	1	497	4.369E-308	934
1713	1713	1.000	375	0	0	1	375	1	375	1.701E-256	778
1707	1707	1.000	432	0	0	1	432	1	432	2.776E-292	884
215	215	1.000	557	0	0	1	557	1	557	0.000E+00	1143
244	244	1.000	470	0	0	1	470	1	470	7.990E-317	957
273	273	1.000	363	0	0	1	363	1	363	2.562E-240	730
273	1891	1.000	360	0	0	1	360	1	360	1.020E-237	723
4	4	1.000	492	0	0	1	492	1	492	0.000E+00	992
4	571	0.911	486	43	0	7	492	1	486	9.996E-296	898
1668	1668	1.000	372	0	0	1	372	1	372	5.092E-246	747
17	17	1.000	440	0	0	1	440	1	440	2.376E-306	925
1730	1730	1.000	477	0	0	1	477	1	477	2.848E-316	956
1730	1359	0.981	477	9	0	1	477	1	474	5.590E-310	938
1761	1761	1.000	392	0	0	1	392	1	392	6.744E-262	794
1761	1107	0.992	392	3	0	1	392	1	392	1.149E-260	791
209	209	1.000	461	0	0	1	461	1	461	9.360E-310	936
1368	1368	1.000	375	0	0	1	375	1	375	3.519E-257	780
143	143	1.000	480	0	0	1	480	1	480	1.245E-319	966
1464	1464	1.000	348	0	0	1	348	1	348	4.704E-234	711
160	160	1.000	485	0	0	1	485	1	485	0.000E+00	984
467	467	1.000	486	0	0	1	486	1	486	0.000E+00	989
50	50	1.000	468	0	0	1	468	1	468	0.000E+00	1000
57	57	1.000	481	0	0	1	481	1	481	0.000E+00	993
666	666	1.000	491	0	0	1	491	1	491	0.000E+00	999
738	738	1.000	354	0	0	1	354	1	354	6.077E-237	720
1470	1470	1.000	358	0	0	1	358	1	358	5.348E-237	721
1735	1735	1.000	389	0	0	1	389	1	389	3.121E-262	795
212	212	1.000	542	0	0	1	542	1	542	0.000E+00	1127
241	241	1.000	412	0	0	1	412	1	412	6.504E-265	804
270	270	1.000	462	0	0	1	462	1	462	0.000E+00	986
130	130	1.000	432	0	0	1	432	1	432	2.079E-302	914
1363	1363	1.000	355	0	0	1	355	1	355	6.211E-240	729
1021	1021	1.000	376	0	0	1	376	1	376	7.629E-258	782
1112	1112	1.000	485	0	0	1	485	1	485	0.000E+00	997
1176	1176	1.000	399	0	0	1	399	1	399	2.132E-263	799
174	174	1.000	380	0	0	1	380	1	380	2.546E-261	792
1183	1183	1.000	502	0	0	1	502	1	502	0.000E+00	1015
1248	1248	1.000	345	0	0	1	345	1	345	3.284E-235	715
1248	1583	0.971	345	10	0	1	345	1	345	6.487E-229	696
1248	848	0.921	344	27	0	1	344	1	344	4.305E-215	657
1248	837	0.912	344	30	0	1	344	1	344	3.907E-214	654
1277	1277	1.000	481	0	0	1	481	1	481	0.000E+00	982
1339	1339	1.000	490	0	0	1	490	1	490	0.000E+00	1009
1402	1402	1.000	509	0	0	1	509	1	509	0.000E+00	1015
257	257	1.000	318	0	0	1	318	1	318	5.019E-233	707
286	286	1.000	422	0	0	1	422	1	422	9.719E-300	905
314	314	1.000	392	0	0	1	392	1	392	5.409E-250	760
314	1416	0.997	390	1	0	1	390	1	390	2.948E-247	752
314	1827	0.987	390	5	0	1	390	1	390	6.882E-246	748
314	1816	0.982	390	7	0	1	390	1	388	3.750E-243	740
314	1829	0.976	390	9	0	1	390	1	388	3.402E-242	737
314	455	0.976	383	9	0	1	383	1	377	5.376E-237	722
314	1564	0.951	390	19	0	1	390	1	388	1.009E-236	722
314	1815	0.948	390	20	0	1	390	1	388	2.597E-236	721
314	378	0.968	383	12	0	1	383	1	377	9.156E-236	719
539	539	1.000	407	0	0	1	407	1	407	1.330E-277	841
58	58	1.000	348	0	0	1	348	1	348	1.099E-232	707
248	248	1.000	516	0	0	1	516	1	516	0.000E+00	1067
277	277	1.000	312	0	0	1	312	1	312	5.464E-227	689
334	334	1.000	379	0	0	1	379	1	379	1.461E-259	787
334	1075	1.000	379	0	0	1	379	1	379	1.461E-259	787
370	370	1.000	293	0	0	1	293	1	293	1.045E-206	629
370	372	0.921	293	23	0	1	293	1	293	2.723E-193	591
370	371	0.917	292	24	0	2	293	1	292	1.639E-191	586
432	432	1.000	405	0	0	1	405	1	405	7.827E-280	847
432	1657	0.982	405	7	0	1	405	1	405	5.310E-276	836
432	1656	0.965	405	14	0	1	405	1	405	1.579E-270	820
697	697	1.000	509	0	0	1	509	1	509	0.000E+00	1044
794	794	1.000	516	0	0	1	516	1	516	0.000E+00	1046
834	834	1.000	490	0	0	1	490	1	490	0.000E+00	1004
834	1500	0.991	490	4	0	1	490	1	490	0.000E+00	995
834	806	0.989	490	5	0	1	490	1	490	0.000E+00	993
834	667	0.905	489	46	0	1	489	1	489	4.139E-304	922
869	869	1.000	378	0	0	1	378	1	378	1.574E-257	781
1064	1064	1.000	395	0	0	1	395	1	395	4.034E-265	804
434	434	1.000	383	0	0	1	383	1	383	1.255E-262	796
434	1317	0.992	382	3	0	1	382	1	382	6.846E-260	788
434	1338	0.989	382	4	0	1	382	1	382	3.309E-259	786
434	1342	0.973	382	10	0	1	382	1	382	9.613E-257	779
434	1682	0.963	382	14	0	1	382	1	382	3.473E-253	769
434	1386	0.963	382	14	0	1	382	1	382	4.759E-253	768
434	583	0.937	382	24	0	1	382	1	382	1.033E-247	753
5	5	1.000	471	0	0	1	471	1	471	3.752E-312	944
531	531	1.000	363	0	0	1	363	1	363	2.753E-244	742
665	665	1.000	486	0	0	1	486	1	486	0.000E+00	1000
614	614	1.000	383	0	0	1	383	1	383	3.228E-249	757
643	643	1.000	376	0	0	1	376	1	376	1.433E-257	781
711	711	1.000	374	0	0	1	374	1	374	2.224E-256	777
711	1818	0.917	374	31	0	1	374	1	370	4.383E-237	722
711	1917	0.917	374	31	0	1	374	1	370	1.273E-234	715
711	301	0.917	374	31	0	1	374	1	370	1.273E-234	715
711	619	0.914	374	32	0	1	374	1	370	3.275E-234	713
776	776	1.000	499	0	0	1	499	1	499	0.000E+00	1021
912	912	1.000	385	0	0	1	385	1	385	2.651E-259	786
912	476	0.994	385	2	0	1	385	1	385	1.756E-258	784
912	412	0.994	385	2	0	1	385	1	385	4.519E-258	783
912	1758	0.948	385	20	0	1	385	1	384	1.161E-244	744
912	365	0.945	385	21	0	1	385	1	384	1.161E-244	744
912	477	0.942	385	22	0	1	385	1	384	5.609E-244	742
912	387	0.942	385	22	0	1	385	1	384	7.686E-244	742
912	386	0.927	385	28	0	1	385	1	384	8.671E-242	736
912	1783	0.924	385	29	0	1	385	1	384	5.741E-241	734
912	9	0.932	385	26	0	1	385	1	381	2.024E-240	732
912	1912	0.932	385	26	0	1	385	1	381	2.024E-240	732
912	1927	0.941	379	22	0	7	385	1	378	1.340E-239	730
912	955	0.994	354	2	0	1	354	1	354	4.835E-236	719
1252	1252	1.000	485	0	0	1	485	1	485	0.000E+00	1008
493	493	1.000	372	0	0	1	372	1	372	1.514E-253	769
493	193	0.932	343	23	0	30	372	1	343	1.511E-227	694
526	526	1.000	483	0	0	1	483	1	483	0.000E+00	988
526	532	0.991	483	4	0	1	483	1	483	4.941E-324	979
563	563	1.000	370	0	0	1	370	1	370	2.852E-254	771
563	1114	0.945	370	20	0	1	370	1	370	8.923E-243	738
630	630	1.000	481	0	0	1	481	1	481	0.000E+00	999
66	66	1.000	362	0	0	1	362	1	362	3.966E-245	744
12	12	1.000	455	0	0	1	455	1	455	1.210E-321	970
123	123	1.000	335	0	0	1	335	1	335	3.684E-228	694
1259	1259	1.000	499	0	0	1	499	1	499	0.000E+00	1017
129	129	1.000	471	0	0	1	471	1	471	5.972E-320	966
1320	1320	1.000	467	0	0	1	467	1	467	9.518E-317	957
271	271	1.000	464	0	0	1	464	1	464	4.969E-315	952
30	30	1.000	446	0	0	1	446	1	446	7.011E-311	939
30	188	0.867	423	56	0	1	423	1	423	1.000E-262	800
490	490	1.000	331	0	0	1	331	1	331	9.111E-223	678
523	523	1.000	405	0	0	1	405	1	405	7.277E-276	835
1332	1332	1.000	381	0	0	1	381	1	381	1.290E-260	790
1366	1366	1.000	362	0	0	1	362	1	362	2.112E-245	745
1428	1428	1.000	476	0	0	1	476	1	476	4.630E-315	953
153	153	1.000	342	0	0	1	342	1	342	5.602E-242	734
1561	1561	1.000	324	0	0	1	324	1	324	6.111E-219	666
292	292	1.000	395	0	0	1	395	1	395	2.608E-267	810
35	35	1.000	358	0	0	1	358	1	358	1.886E-236	719
35	1566	1.000	357	0	0	2	358	1	357	9.117E-236	717
35	1784	0.997	357	1	0	2	358	1	357	3.215E-235	715
35	1777	0.980	357	7	0	2	358	1	357	4.099E-231	704
35	1399	0.980	357	7	0	2	358	1	357	4.099E-231	704
385	385	1.000	394	0	0	1	394	1	394	4.674E-267	809
414	414	1.000	406	0	0	1	406	1	406	2.383E-277	840
51	51	1.000	460	0	0	1	460	1	460	3.571E-320	966
1739	1739	1.000	364	0	0	1	364	1	364	1.018E-243	740
1769	1769	1.000	350	0	0	1	350	1	350	5.038E-237	720
1925	1925	1.000	469	0	0	1	469	1	469	4.477E-318	961
1925	1095	0.984	466	7	0	4	469	1	466	3.418E-312	944
1925	1909	0.976	468	11	0	2	469	1	468	6.418E-312	943
1925	1908	0.986	456	6	0	14	469	1	456	3.574E-306	927
1925	1397	0.954	461	21	0	9	469	2	462	2.193E-301	913
1925	1544	0.958	460	19	0	10	469	1	460	7.732E-301	911
1925	1306	0.958	460	19	0	10	469	1	460	7.732E-301	911
1925	1307	0.975	449	11	0	21	469	1	449	1.059E-300	911
1925	586	0.973	450	12	0	20	469	1	450	1.804E-299	907
1925	1093	0.979	446	9	0	24	469	1	446	3.387E-299	906
1925	1092	0.945	443	24	0	27	469	7	449	1.273E-289	879
1925	1450	0.943	443	25	0	27	469	6	448	1.582E-288	876
1925	1094	0.921	444	35	0	26	469	2	445	2.306E-279	849
1925	1336	0.912	448	39	0	22	469	2	448	4.329E-279	848
216	216	1.000	537	0	0	1	537	1	537	0.000E+00	1100
245	245	1.000	450	0	0	1	450	1	450	5.080E-309	934
744	744	1.000	491	0	0	1	491	1	491	0.000E+00	1010
182	182	1.000	359	0	0	1	359	1	359	1.550E-240	731
182	1814	1.000	359	0	0	1	359	1	359	1.550E-240	731
182	1893	0.997	359	1	0	1	359	1	359	3.621E-239	727
189	189	1.000	359	0	0	1	359	1	359	1.467E-259	786
21	21	1.000	375	0	0	1	375	1	375	3.876E-258	782
1702	1702	1.000	401	0	0	1	401	1	401	7.145E-268	812
1655	1655	1.000	377	0	0	1	377	1	377	3.595E-253	768
1655	348	1.000	377	0	0	1	377	1	377	3.595E-253	768
1718	1718	1.000	349	0	0	1	349	1	349	7.630E-232	705
1905	1905	1.000	348	0	0	1	348	1	348	3.593E-241	732
197	197	1.000	312	0	0	1	312	1	312	2.942E-214	652
225	225	1.000	478	0	0	1	478	1	478	4.447E-323	976
620	620	1.000	355	0	0	1	355	1	355	2.537E-234	713
620	1838	0.966	355	12	0	1	355	1	355	5.004E-228	694
620	1245	0.960	355	14	0	1	355	1	355	3.314E-227	692
620	483	0.940	355	21	0	1	355	1	355	8.949E-221	674
620	1246	0.935	355	23	0	1	355	1	355	4.325E-220	672
620	159	0.938	355	22	0	1	355	1	355	5.926E-220	671
620	1047	0.926	355	26	0	1	355	1	355	5.378E-219	668
620	1448	0.915	355	30	0	1	355	1	355	5.506E-216	660
620	1244	0.915	355	30	0	1	355	1	355	5.506E-216	660
620	1048	0.915	355	30	0	1	355	1	355	3.646E-215	657
1573	1573	1.000	380	0	0	1	380	1	380	7.219E-262	794
1636	1636	1.000	334	0	0	1	334	1	334	1.401E-225	686
1636	1640	1.000	334	0	0	1	334	1	334	1.401E-225	686
1636	1637	0.963	333	12	0	1	333	1	333	4.722E-218	664
1636	1641	0.920	325	26	0	10	334	5	329	4.295E-204	624
1636	1460	0.920	325	26	0	10	334	5	329	4.295E-204	624
1667	1667	1.000	345	0	0	1	345	1	345	1.309E-232	707
173	173	1.000	476	0	0	1	476	1	476	0.000E+00	1024
1727	1727	1.000	474	0	0	1	474	1	474	2.477E-316	956
1727	1729	0.985	474	7	0	1	474	1	474	3.148E-312	944
185	185	1.000	321	0	0	1	321	1	321	1.331E-221	674
185	1825	1.000	299	0	0	19	317	1	299	1.668E-207	633
185	411	0.983	303	5	0	15	317	1	303	2.286E-207	633
205	205	1.000	468	0	0	1	468	1	468	0.000E+00	1009
234	234	1.000	545	0	0	1	545	1	545	0.000E+00	1105
263	263	1.000	451	0	0	1	451	1	451	2.835E-309	934
263	786	0.994	389	2	0	62	450	2	390	1.388E-263	803
550	550	1.000	357	0	0	1	357	1	357	3.902E-244	741
1499	1499	1.000	362	0	0	1	362	1	362	1.697E-246	748
1528	1528	1.000	482	0	0	1	482	1	482	0.000E+00	991
156	156	1.000	377	0	0	1	377	1	377	1.822E-259	786
156	1804	1.000	372	0	0	6	377	1	372	4.807E-256	777
1625	1625	1.000	377	0	0	1	377	1	377	7.996E-258	782
1157	1157	1.000	469	0	0	1	469	1	469	1.021E-319	966
1192	1192	1.000	393	0	0	1	393	1	393	5.414E-269	815
1257	1257	1.000	376	0	0	1	376	1	376	2.503E-253	769
1288	1288	1.000	491	0	0	1	491	1	491	0.000E+00	1000
1348	1348	1.000	361	0	0	1	361	1	361	1.073E-245	746
625	625	1.000	370	0	0	1	370	1	370	1.413E-250	760
696	696	1.000	509	0	0	1	509	1	509	0.000E+00	1038
724	724	1.000	404	0	0	1	404	1	404	5.067E-276	836
76	76	1.000	437	0	0	1	437	1	437	1.241E-304	920
79	79	1.000	381	0	0	1	381	1	381	8.957E-267	808
246	246	1.000	502	0	0	1	502	1	502	0.000E+00	1068
275	275	1.000	468	0	0	1	468	1	468	3.118E-318	961
303	303	1.000	381	0	0	1	381	1	381	1.724E-263	798
303	933	1.000	381	0	0	1	381	1	381	1.724E-263	798
303	844	0.979	381	8	0	1	381	1	381	1.456E-258	784
303	1333	0.973	380	10	0	1	380	1	380	1.492E-255	775
303	661	0.968	381	12	0	1	381	1	381	3.840E-255	774
303	1050	0.971	380	11	0	1	380	1	380	9.882E-255	773
303	1775	0.957	380	16	0	1	380	1	380	8.969E-254	770
46	46	1.000	314	0	0	1	314	1	314	7.360E-216	657
565	565	1.000	484	0	0	1	484	1	484	0.000E+00	992
1834	1834	1.000	372	0	0	1	372	1	372	3.367E-258	782
1834	289	1.000	372	0	0	1	372	1	372	3.367E-258	782
3	3	1.000	379	0	0	1	379	1	379	8.782E-258	782
3	1266	0.949	379	19	0	1	379	1	379	1.461E-246	749
328	328	1.000	330	0	0	1	330	1	330	3.067E-222	676
364	364	1.000	362	0	0	1	362	1	362	1.655E-249	757
396	396	1.000	489	0	0	1	489	1	489	0.000E+00	995
49	49	1.000	354	0	0	1	354	1	354	1.840E-254	771
1477	1477	1.000	355	0	0	1	355	1	355	1.318E-237	722
1510	1510	1.000	352	0	0	1	352	1	352	4.337E-241	732
1510	1504	1.000	351	0	0	1	351	1	351	1.530E-240	730
1510	699	0.974	351	9	0	1	351	1	349	9.672E-233	708
1510	636	0.959	349	14	0	1	349	1	349	6.567E-229	697
1609	1609	1.000	384	0	0	1	384	1	384	1.193E-261	793
1609	1612	1.000	384	0	0	1	384	1	384	1.193E-261	793
1609	1614	1.000	384	0	0	1	384	1	384	1.193E-261	793
1609	1617	1.000	384	0	0	1	384	1	384	1.193E-261	793
1609	1618	1.000	384	0	0	1	384	1	384	1.193E-261	793
1609	1619	1.000	384	0	0	1	384	1	384	1.193E-261	793
1609	1611	0.984	384	6	0	1	384	1	384	3.914E-257	780
1609	1616	0.984	384	6	0	1	384	1	384	3.914E-257	780
1609	1615	0.984	384	6	0	1	384	1	384	7.351E-257	779
1609	1620	0.983	372	6	0	13	384	1	372	5.763E-248	754
1609	1610	0.991	363	3	0	22	384	1	363	5.354E-244	742
164	164	1.000	334	0	0	1	334	1	334	5.842E-230	699
1669	1669	1.000	483	0	0	1	483	1	483	0.000E+00	1013
854	854	1.000	344	0	0	1	344	1	344	3.999E-231	703
945	945	1.000	366	0	0	1	366	1	366	1.291E-251	763
1085	1085	1.000	496	0	0	1	496	1	496	0.000E+00	1031
1085	1084	0.961	493	19	0	4	496	3	495	0.000E+00	992
1085	1388	0.949	493	25	0	4	496	3	495	1.383E-322	975
1085	1081	0.943	493	28	0	4	496	3	495	4.792E-322	974
1181	1181	1.000	509	0	0	1	509	1	509	0.000E+00	1050
1181	1744	0.910	457	41	0	53	509	1	457	5.270E-288	876
1275	1275	1.000	504	0	0	1	504	1	504	0.000E+00	1040
1662	1662	1.000	382	0	0	1	382	1	382	3.927E-258	783
203	203	1.000	294	0	0	1	294	1	294	4.555E-211	642
232	232	1.000	377	0	0	1	377	1	377	6.588E-256	776
232	1046	0.933	362	24	0	9	370	1	362	1.532E-228	697
261	261	1.000	287	0	0	1	287	1	287	3.183E-191	584
446	446	1.000	472	0	0	1	472	1	472	3.931E-312	944
446	1409	0.942	470	27	0	1	470	1	470	6.914E-292	885
717	717	1.000	307	0	0	1	307	1	307	1.437E-209	638
752	752	1.000	483	0	0	1	483	1	483	0.000E+00	999
826	826	1.000	316	0	0	1	316	1	316	4.014E-212	646
89	89	1.000	450	0	0	1	450	1	450	1.101E-303	918
1412	1412	1.000	382	0	0	1	382	1	382	3.235E-256	777
1412	1414	1.000	382	0	0	1	382	1	382	3.235E-256	777
1412	1691	1.000	382	0	0	1	382	1	382	3.235E-256	777
1412	1692	0.992	382	3	0	1	382	1	382	6.858E-254	771
1412	1413	0.989	382	4	0	1	382	1	382	1.169E-252	767
1412	1688	0.989	382	4	0	1	382	1	382	1.169E-252	767
1412	1689	0.989	382	4	0	1	382	1	382	1.169E-252	767
1412	1690	0.989	382	4	0	1	382	1	382	1.169E-252	767
1446	1446	1.000	486	0	0	1	486	1	486	0.000E+00	1006
1446	703	0.981	486	9	0	1	486	1	486	0.000E+00	992
1488	1488	1.000	360	0	0	1	360	1	360	4.492E-244	741
1549	1549	1.000	507	0	0	1	507	1	507	0.000E+00	1040
1549	1550	0.976	507	12	0	1	507	1	507	0.000E+00	1022
1581	1581	1.000	357	0	0	1	357	1	357	4.408E-242	735
1513	1513	1.000	494	0	0	1	494	1	494	0.000E+00	1004
1513	1130	0.993	494	3	0	1	494	1	494	0.000E+00	999
1406	1406	1.000	482	0	0	1	482	1	482	0.000E+00	1001
1406	1521	0.887	482	54	0	1	482	1	482	1.933E-300	911
151	151	1.000	363	0	0	1	363	1	363	2.378E-249	756
151	329	1.000	362	0	0	2	363	1	362	1.149E-248	754
151	1238	1.000	362	0	0	2	363	1	362	1.149E-248	754
151	1782	1.000	362	0	0	2	363	1	362	1.149E-248	754
151	1498	0.991	362	3	0	2	363	1	362	5.044E-247	750
151	604	0.977	361	8	0	2	362	1	361	3.425E-243	739
151	603	0.980	361	7	0	2	362	1	361	6.432E-243	738
151	1781	0.980	361	7	0	2	362	1	361	6.432E-243	738
151	1318	0.977	361	8	0	2	362	1	361	2.269E-242	736
151	1578	0.966	361	12	0	2	362	1	361	4.811E-240	730
154	154	1.000	354	0	0	1	354	1	354	4.764E-241	732
154	1793	0.937	353	22	0	1	353	1	351	2.146E-223	681
154	413	0.937	353	22	0	1	353	1	351	2.146E-223	681
1575	1575	1.000	487	0	0	1	487	1	487	0.000E+00	994
1608	1608	1.000	481	0	0	1	481	1	481	0.000E+00	984
1608	1055	0.964	481	17	0	1	481	1	481	3.783E-317	959
1351	1351	1.000	509	0	0	1	509	1	509	0.000E+00	1000
1351	222	0.994	509	3	0	1	509	1	509	0.000E+00	996
1351	1808	0.994	509	3	0	1	509	1	509	0.000E+00	996
1387	1387	1.000	345	0	0	1	345	1	345	6.967E-233	708
1449	1449	1.000	370	0	0	1	370	1	370	2.351E-252	766
1490	1490	1.000	358	0	0	1	358	1	358	1.219E-238	725
1490	1798	0.955	358	16	0	1	358	1	354	7.886E-228	694
1490	629	0.949	358	18	0	1	358	1	354	1.344E-226	691
1490	1039	0.949	358	18	0	1	358	1	354	1.344E-226	691
1490	1041	0.952	358	17	0	1	358	1	354	1.344E-226	691
1490	431	0.949	358	18	0	1	358	1	354	3.459E-226	689
1490	42	0.946	358	19	0	1	358	1	354	1.220E-225	688
1490	1799	0.946	358	19	0	1	358	1	354	1.220E-225	688
1490	1040	0.946	358	19	0	1	358	1	354	1.671E-225	687
1490	430	0.946	358	19	0	1	358	1	354	4.301E-225	686
1519	1519	1.000	360	0	0	1	360	1	360	3.361E-241	733
39	39	1.000	444	0	0	1	444	1	444	4.883E-305	922
419	419	1.000	406	0	0	1	406	1	406	1.916E-278	843
449	449	1.000	379	0	0	1	379	1	379	2.205E-260	789
514	514	1.000	381	0	0	1	381	1	381	1.565E-262	796
514	725	0.884	381	44	0	1	381	1	381	7.543E-236	719
178	178	1.000	386	0	0	1	386	1	386	1.628E-247	752
199	199	1.000	430	0	0	1	430	1	430	3.471E-305	921
227	227	1.000	397	0	0	1	397	1	397	1.891E-253	770
227	1819	1.000	396	0	0	1	396	1	396	9.137E-253	768
227	1776	0.992	394	3	0	4	397	1	393	1.593E-248	756
256	256	1.000	413	0	0	1	413	1	413	3.647E-291	880
313	313	1.000	309	0	0	1	309	1	309	1.914E-211	644
313	1710	1.000	294	0	0	13	306	1	294	2.838E-202	617
317	317	1.000	510	0	0	1	510	1	510	0.000E+00	1020
584	584	1.000	351	0	0	1	351	1	351	1.574E-231	704
485	485	1.000	471	0	0	1	471	1	471	1.293E-314	951
516	516	1.000	340	0	0	1	340	1	340	1.857E-225	686
59	59	1.000	468	0	0	1	468	1	468	0.000E+00	1005
867	867	1.000	359	0	0	1	359	1	359	9.286E-252	763
896	896	1.000	356	0	0	1	356	1	356	5.620E-245	743
956	956	1.000	368	0	0	1	368	1	368	4.427E-253	767
956	1404	0.891	368	40	0	1	368	1	367	9.160E-228	694
956	1533	0.891	368	40	0	1	368	1	367	3.230E-227	693
1033	1033	1.000	364	0	0	1	364	1	364	1.499E-247	751
1062	1062	1.000	479	0	0	1	479	1	479	0.000E+00	992
392	392	1.000	309	0	0	1	309	1	309	7.434E-212	645
